"Path","Hash"
"C:\Users\seguridad\Desktop\TFM\01_ACTIVE_TESTS\Pruebas\Logs_Pruebas_TFM\PUBLIC_ARTIFACTS_FINAL\02_ServiceCreation\CLOSED_UTC.txt","906B24E79A28B95CB8C8654A92BE058238144461D7D3E75B47CC1A055A96582E"
"C:\Users\seguridad\Desktop\TFM\01_ACTIVE_TESTS\Pruebas\Logs_Pruebas_TFM\PUBLIC_ARTIFACTS_FINAL\02_ServiceCreation\FP_end_utc.txt","3489E2D50449AB8BB91CFE0272D58CEABBA3C76B59FC409EB9B6835DDCECA6AA"
"C:\Users\seguridad\Desktop\TFM\01_ACTIVE_TESTS\Pruebas\Logs_Pruebas_TFM\PUBLIC_ARTIFACTS_FINAL\02_ServiceCreation\FP_start_utc.txt","3B91E0DD400A90D83AD2E7039D9A143CE139D9F84CF4CB96B6B55AD8C4B45027"
"C:\Users\seguridad\Desktop\TFM\01_ACTIVE_TESTS\Pruebas\Logs_Pruebas_TFM\PUBLIC_ARTIFACTS_FINAL\02_ServiceCreation\TEC_end_utc.txt","2D12C375827425115EC1BFD9C11B9EF2B8F2D8C16C8DBC1FDE4ED68035BFEA89"
"C:\Users\seguridad\Desktop\TFM\01_ACTIVE_TESTS\Pruebas\Logs_Pruebas_TFM\PUBLIC_ARTIFACTS_FINAL\02_ServiceCreation\TEC_start_utc.txt","727289AB0EA3F360B6F6F67FC1EF7C2E2DDDB526C237DFF47DB2A6A47FAD04D3"
"C:\Users\seguridad\Desktop\TFM\01_ACTIVE_TESTS\Pruebas\Logs_Pruebas_TFM\PUBLIC_ARTIFACTS_FINAL\02_ServiceCreation\TFM_FP_20260712_143757.log","AAC01AC0B7A871CC85E27D4C7E6AA0A69037844DAC3A03485C87D5A1812A00C7"
"C:\Users\seguridad\Desktop\TFM\01_ACTIVE_TESTS\Pruebas\Logs_Pruebas_TFM\PUBLIC_ARTIFACTS_FINAL\02_ServiceCreation\TFM_FP_20260712_143757_summary.csv","1E29308BB7E615F0026A6BF8132F4BC2DF43207504BDF760A21643041B2B41F6"
"C:\Users\seguridad\Desktop\TFM\01_ACTIVE_TESTS\Pruebas\Logs_Pruebas_TFM\PUBLIC_ARTIFACTS_FINAL\02_ServiceCreation\TFM_FP_20260712_143757_summary.json","0E78AFE89B60B09267D78052580956BAB627CF71C47077EF4CA64B07595AC04C"
"C:\Users\seguridad\Desktop\TFM\01_ACTIVE_TESTS\Pruebas\Logs_Pruebas_TFM\PUBLIC_ARTIFACTS_FINAL\02_ServiceCreation\TFM_FP_20260712_143757_summary.txt","D8BEB26B83C2109CB6DA9E5F3122920AA3109E8473A4470B5D645550C89B1D8C"
"C:\Users\seguridad\Desktop\TFM\01_ACTIVE_TESTS\Pruebas\Logs_Pruebas_TFM\PUBLIC_ARTIFACTS_FINAL\02_ServiceCreation\TFM_FP_20260712_143757_vr_hits.csv","6D712FCC2666ACDC903FDB17C78D607F811A629D3B5360E63A49639E6DBF32CC"
"C:\Users\seguridad\Desktop\TFM\01_ACTIVE_TESTS\Pruebas\Logs_Pruebas_TFM\PUBLIC_ARTIFACTS_FINAL\02_ServiceCreation\TFM_FP_20260712_143757_vr_hits.txt","5205C8E95EAA41786E609050A2C80239579B143D0A2BB3DA14E4B6FDCE8A30E3"
"C:\Users\seguridad\Desktop\TFM\01_ACTIVE_TESTS\Pruebas\Logs_Pruebas_TFM\PUBLIC_ARTIFACTS_FINAL\02_ServiceCreation\TFM_TEC_Run_CANDIDATE_v5_20260712_142613.log","DAA62494A749829A9096A3839BB2C73B6AC2E92C0B2D007E2417CEB925167588"
"C:\Users\seguridad\Desktop\TFM\01_ACTIVE_TESTS\Pruebas\Logs_Pruebas_TFM\PUBLIC_ARTIFACTS_FINAL\02_ServiceCreation\TFM_TEC_Run_CANDIDATE_v5_20260712_142613_summary.csv","D0A6BE96D5CCE2E6D5F01E679DF10965865FF831C109B2DC60E11245C35EC7AC"
"C:\Users\seguridad\Desktop\TFM\01_ACTIVE_TESTS\Pruebas\Logs_Pruebas_TFM\PUBLIC_ARTIFACTS_FINAL\02_ServiceCreation\TFM_TEC_Run_CANDIDATE_v5_20260712_142613_summary.json","D4635B06F60CF31E9B5994E1C5CE2A4F83DC5E8B06A4A15CD6A6150C4B85C7AC"
"C:\Users\seguridad\Desktop\TFM\01_ACTIVE_TESTS\Pruebas\Logs_Pruebas_TFM\PUBLIC_ARTIFACTS_FINAL\02_ServiceCreation\TFM_TEC_Run_CANDIDATE_v5_20260712_142613_summary.txt","57551FD3258BE5C7B3154DB806CE7F154FCA0ADE8322C88EAC59847623165585"
"C:\Users\seguridad\Desktop\TFM\01_ACTIVE_TESTS\Pruebas\Logs_Pruebas_TFM\PUBLIC_ARTIFACTS_FINAL\02_ServiceCreation\Windows.Events.ServiceCreation-2026-07-12T07_47_46Z-2026-07-12T13_56_35Z-C.364907172793f8c7.csv","3CEB993C20A7394F40980C743F34CA81556E71C806C851BF5A513D59C74972F3"
"C:\Users\seguridad\Desktop\TFM\01_ACTIVE_TESTS\Pruebas\Logs_Pruebas_TFM\PUBLIC_ARTIFACTS_FINAL\02_ServiceCreation\Windows.Events.ServiceCreation-2026-07-12T07_47_46Z-2026-07-12T13_56_35Z-C.364907172793f8c7.json","0E88D5A30F839AB41112DCC691AB2244DB20AF72977BB33F0A3BD1D9BF4B8E88"
"C:\Users\seguridad\Desktop\TFM\01_ACTIVE_TESTS\Pruebas\Logs_Pruebas_TFM\PUBLIC_ARTIFACTS_FINAL\02_ServiceCreation\Windows.Events.ServiceCreation-2026-07-12T12_30_47Z-2026-07-12T13_48_47Z-C.364907172793f8c7.csv","CEF90BF57B1E9F6DF655046CBD63EA10EBDED736DB09DD1B413EE402714EE0E2"
"C:\Users\seguridad\Desktop\TFM\01_ACTIVE_TESTS\Pruebas\Logs_Pruebas_TFM\PUBLIC_ARTIFACTS_FINAL\02_ServiceCreation\Windows.Events.ServiceCreation-2026-07-12T12_30_47Z-2026-07-12T13_48_47Z-C.364907172793f8c7.json","0E88D5A30F839AB41112DCC691AB2244DB20AF72977BB33F0A3BD1D9BF4B8E88"
