_ts,Timestamp,EventID,ImagePath,ServiceName,Type,UserSID,_EventData,_System,ClientId
1783859400714,1783859327.0505087,7045,C:\Windows\System32\cmd.exe /c echo TEC005_OK ^> C:\Users\Public\tec005_ok.txt,TFM TEC005 Test Service,servicio de modo usuario,S-1-5-21-2237245112-686140129-944090608-1004,"{
 ""ServiceName"": ""TFM TEC005 Test Service"",
 ""ImagePath"": ""C:\\Windows\\System32\\cmd.exe /c echo TEC005_OK ^\u003e C:\\Users\\Public\\tec005_ok.txt"",
 ""ServiceType"": ""servicio de modo usuario"",
 ""StartType"": ""inicio por solicitud"",
 ""AccountName"": ""LocalSystem""
}","{
 ""Provider"": {
  ""Name"": ""Service Control Manager"",
  ""Guid"": ""{555908d1-a6d7-4695-8e1e-26931d2012f4}"",
  ""EventSourceName"": ""Service Control Manager""
 },
 ""EventID"": {
  ""Qualifiers"": 16384,
  ""Value"": 7045
 },
 ""Version"": 0,
 ""Level"": 4,
 ""Task"": 0,
 ""Opcode"": 0,
 ""Keywords"": 9259400833873739776,
 ""TimeCreated"": {
  ""SystemTime"": 1783859327.0505087
 },
 ""EventRecordID"": 53951,
 ""Correlation"": {},
 ""Execution"": {
  ""ProcessID"": 772,
  ""ThreadID"": 4384
 },
 ""Channel"": ""System"",
 ""Computer"": ""LT29.ait.us.es"",
 ""Security"": {
  ""UserID"": ""S-1-5-21-2237245112-686140129-944090608-1004""
 }
}",C.364907172793f8c7
