"severity","file","sheet","cell_or_range","issue","evidence","proposed_fix","auto_fixable"
"BLOCKER","02_BENCHMARK_RENDIMIENTO_VALIDACION_DATOS.xlsx","RESUMEN_EJECUTIVO / SCENARIO_SUMMARY / CALIDAD_DATOS","RESUMEN_EJECUTIVO!A2:D9; SCENARIO_SUMMARY!A2:R4","No existe benchmark definitivo del agente cliente. El libro solo documenta datos legacy invalidados: CLIENT_SERVICE=0, ServiceStatus=Stopped en VR_IDLE/VR_TEC_RUNNER y SchemaVersion=1.0.","00_CONTEXT/DECISIONS.md D035; 05_LOGS/BENCHMARKS/validado/scenario_quality.csv; el propio libro declara NO_VALIDO_PARA_CONCLUSIONES_DEFINITIVAS_DE_RENDIMIENTO.","Repetir BASELINE_NO_VR, VR_IDLE y VR_TEC_RUNNER con el script corregido; exigir CLIENT_SERVICE en idle/runner y regenerar el Excel desde los nuevos logs.","false"
"BLOCKER","01_TECNICAS_FP_FIABILIDAD_DEFINITIVO.xlsx","TEC_ATTACK_VALIDATION","E4:G12","Los Hits SOC y el perfil máximo mezclan o no identifican campañas. No coinciden con el JSONL pre-FP disponible: Excel=27/106/31/18/26/17/27/22/26; JSONL=21/106/15/18/11/17/4/2/6. TEC-008 figura P1_CRITICAL en Excel, pero en ese JSONL su máximo es P2_EVENT.","Carpeta_Compartida_TFM/inbox/soc_alerts_PRE_FP_20260618_144023.jsonl, SHA256 935CC7DA04A0B8BB0122BD96FBCDCD2258BF0BF3618DF032E045F944689D72CD, 200 filas.","Elegir un único RunId/ventana ofensiva como fuente oficial, documentarla y recalcular todas las filas por TEC y perfil directamente desde ese JSONL.","false"
"BLOCKER","01_TECNICAS_FP_FIABILIDAD_DEFINITIVO.xlsx","TEC_ATTACK_VALIDATION / TRAZABILIDAD","G4:G12; A4:E14","La columna Detección confirmada=Sí no tiene trazabilidad fila a fila hasta alertas CLIENT_EVENT. Combina OK del runner (ejecución) con recuentos SOC de contexto, aunque runner OK no equivale a detección.","05_LOGS/FINAL_RUN_20260616_175138/RESUMEN_EVIDENCIA_FINAL.md marca TEC-001..TEC-008 FAIL en evidencia Velociraptor esperada; 07_DOCS/MATRIZ_COBERTURA_FINAL_P1_P2_P3_EVENT.md termina con Validación pendiente.","Añadir CampaignId, Artifact, Source, DetectionTime, ruta/hash JSONL y referencia de evento por cada TEC. Separar ejecución, visibilidad, detección, alerta RT y salida externa.","false"
"BLOCKER","01_TECNICAS_FP_FIABILIDAD_DEFINITIVO.xlsx","GRAFICAS","Chart 1; categorías A5:A13 y valores B5:B13","El gráfico Alertas ofensivas por TEC incluye la fila A5 de rótulo y omite TEC-009 en la fila 14.","Serie Excel: =SERIES(""Alertas"",GRAFICAS!$A$5:$A$13,GRAFICAS!$B$5:$B$13,1); datos reales TEC en A6:B14.","Cambiar la serie a categorías A6:A14 y valores B6:B14 y volver a revisar visualmente.","true"
"BLOCKER","03_ANALISIS_TECNICAS_TFM_V4_REFERENCIA.xlsx","04_Control_Publicos","ControlPublicosTable A4:X61 frente a datos A4:AE61","La tabla formal termina en X y deja fuera Y:AE (Visibilidad, Detección_Regla, Alerta_RT, Artifact_Alertante, Salida_Externa, Veredicto_Alertabilidad y Siguiente_Paso). Filtros y estructura no cubren las columnas añadidas.","Metadatos COM: tabla ControlPublicosTable=A4:X61; celdas con datos hasta AE61.","Ampliar la tabla formal a A4:AE61 y verificar filtros/estilo.","true"
"BLOCKER","03_ANALISIS_TECNICAS_TFM_V4_REFERENCIA.xlsx","09_Benchmark_Plan","BenchmarkPlanTable A4:J11 frente a datos A4:J13","La tabla formal excluye las filas B7/P2 High y B8/P1 Critical (filas 12 y 13).","Metadatos COM: BenchmarkPlanTable=A4:J11; celdas A12:J13 contienen escenarios B7 y B8.","Ampliar la tabla a A4:J13 y revisar cualquier filtro o total dependiente.","true"
"BLOCKER","01_TECNICAS_FP_FIABILIDAD_DEFINITIVO.xlsx","TEC_ATTACK_VALIDATION / TRAZABILIDAD","Fila TEC-009 (12); TRAZABILIDAD A4:E14","La transferencia TEC-009 es real, pero el Excel no enlaza la evidencia receptora original, por lo que su afirmación no es auditable desde el libro.","receiver_log.jsonl contiene POST /upload de 6245 bytes y SHA256 F7E58B...; upload_20260616_154943_944765.zip existe y su hash coincide; FINAL_RUN incluye summary, ZIP y 4104.","Añadir al libro rutas y SHA256 de receiver_log.jsonl, ZIP recibido, tec009_transfer_summary.json, 4104 y campaña exacta.","false"
"MAJOR","01_TECNICAS_FP_FIABILIDAD_DEFINITIVO.xlsx","RESUMEN_EJECUTIVO / METRICAS / GRAFICAS","B11:B15; METRICAS B12:B15; GRAFICAS D5:E8, G5:H6, J5:K7","Los 15 hits FP v1.1 incluyen 3 eventos del RunId anterior TFM_FP_20260618_151244. Los agregados principales y gráficos usan P4=10 y total=15, en vez del conjunto limpio de 12 (P4=7, P3=5).","FP_HITS_RAW: EXACT_RUNID=3, TIME_WINDOW_INFERRED=9 y PREVIOUS_RUN_CONTAMINATION=3; filas 8,12,13 son contaminadas.","Separar métricas BRUTAS (15) y LIMPIAS (12). Usar las limpias en indicadores principales y gráficos; mantener las 3 contaminadas solo en auditoría.","false"
"MAJOR","01_TECNICAS_FP_FIABILIDAD_DEFINITIVO.xlsx","FP_TEST_MATRIX","F4:F13","La asignación de hits por prueba suma 8, mientras el conjunto limpio tiene 12 hits. Cuatro P4 quedan sin asignar a FP_ID, pero la hoja no muestra una categoría No asignado ni el criterio temporal.","FP_TEST_MATRIX: FP-002=2, FP-003=1, FP-006=5; FP_HITS_RAW limpio=12.","Añadir fila/categoría UNASSIGNED o un campo de calidad por prueba; no imputar hits inferidos a FP_ID sin regla reproducible.","false"
"MAJOR","01_TECNICAS_FP_FIABILIDAD_DEFINITIVO.xlsx","RESUMEN_EJECUTIVO / METRICAS","B7,B16:B19; METRICAS B4:B12","Las métricas derivadas están hardcodeadas aunque la fuente/criterio dice FORMULA. El libro tiene 0 celdas de fórmula.","Inspección Excel COM: FormulaCells=0 en las ocho hojas; valores 1, 0, 0,333... y 1,666... son constantes.","Sustituir valores derivados por fórmulas enlazadas a las hojas de detalle y añadir controles de reconciliación.","true"
"MAJOR","01_TECNICAS_FP_FIABILIDAD_DEFINITIVO.xlsx","RESUMEN_EJECUTIVO / METRICAS / GRAFICAS","B7,B16:B19; METRICAS B4:B11; GRAFICAS B21:B24","Los porcentajes usan formato Estándar: se muestran como 1 o 0,333333333333, no como 100 % o 33,33 %.","NumberFormatLocal=Estándar en las celdas revisadas.","Aplicar formato 0,00 % y mantener los valores base entre 0 y 1; ajustar también el eje del gráfico Cobertura vs tasas FP.","true"
"MAJOR","01_TECNICAS_FP_FIABILIDAD_DEFINITIVO.xlsx","METRICAS / CONCLUSIONES","METRICAS B10:B11; CONCLUSIONES A4,A8","Precisión/fiabilidad crítica del 100 % se apoya en TP_críticos=9 de contexto y una única campaña FP pequeña. No se documenta una unidad de análisis homogénea ni intervalo de confianza.","METRICAS nota TP_criticos=9; no existe agregado local exacto enlazado; las propias limitaciones reconocen muestra pequeña y contexto confirmado.","Renombrar a tasa observada en esta muestra; definir TP/FP por evento o por técnica, enlazar el agregado y evitar presentarlo como fiabilidad general.","false"
"MAJOR","02_BENCHMARK_RENDIMIENTO_VALIDACION_DATOS.xlsx","PROCESS_ROLES / RAW_SAMPLES","PROCESS_ROLES A2:K698; RAW_SAMPLES A2:N261","Todas las filas de detalle se almacenan como texto, incluidos PID, CPU, RAM, elapsed y booleanos. Los decimales con coma no son valores numéricos Excel.","PROCESS_ROLES: 7.678 celdas String; RAW_SAMPLES: 3.654 celdas String. En origen los campos son parseables, pero en el libro no se tiparon.","En copia revisada, convertir columnas numéricas a números, timestamps a fecha/hora y RunnerActive a booleano; conservar la hoja raw original si se requiere inmutabilidad.","true"
"MAJOR","03_ANALISIS_TECNICAS_TFM_V4_REFERENCIA.xlsx","01_Dashboard / 16_Scripts_Validados / 17_Incoherencias_Cerradas","A1:J13; A5:E11; A5:D14","El libro histórico usa títulos como definitivo/estado final y describe TEC-009 sin transferencia real, P1 Critical Correlation y acciones antiguas. Contradice el estado vigente aunque el nombre externo diga REFERENCIA.","Libro fechado 15/05/2026; proyecto vigente documenta HTTP ZIP real, P1 Critical Priority y EVENT/SOC_v3.","Moverlo a anexo histórico o añadir portada visible NO VIGENTE / REFERENCIA HISTÓRICA y remitir al Excel 01.","false"
"MAJOR","04_ANALISIS_ARTIFACTS_PUBLICOS_REFERENCIA.xlsx","01_Dashboard / 02_Control_Pruebas / 03_Matriz_TEC / 07_Benignas_FP","B5:B13; P5:AF51; D4:M12; E5:K19","Es una plantilla no ejecutada: 47/47 pruebas públicas pendientes, 0 completadas y 15 benignas pendientes. No es un resultado definitivo.","Fórmulas del Dashboard y estados Pendiente en todas las filas.","Mantener solo como anexo metodológico claramente rotulado PLANTILLA/PLAN NO EJECUTADO o retirarlo del paquete de resultados definitivos.","false"
"MAJOR","MANIFEST_ENTREGA_MEMORIA.csv","(CSV)","Fila MANIFEST_ENTREGA_MEMORIA.csv y fila SHA256SUMS_ENTREGA_MEMORIA.txt","El manifiesto está desactualizado respecto a sí mismo y al fichero de hashes: registra MANIFEST con 0 bytes y SHA256SUMS con 5.087 bytes, cuando son 4.593 y 5.673 bytes.","Comparación con Get-Item actual.","Regenerar el manifiesto excluyendo el propio manifiesto y el fichero de hashes, o generarlos en orden y documentar la exclusión.","true"
"MAJOR","SHA256SUMS_ENTREGA_MEMORIA.txt","(texto)","Última línea","El fichero incluye un hash de sí mismo que no coincide con su contenido final; una suma autocontenida no puede estabilizarse.","Esperado A5DA40...; SHA256 real 624CFE01563FCD3B5B3A9AC785B0BFD86AD5F4EB7BF333A2221F42C5A489B730. Los otros 29 hashes sí coinciden.","Excluir SHA256SUMS_ENTREGA_MEMORIA.txt de su propia lista y regenerar el resto.","true"
"MAJOR","01_TECNICAS_FP_FIABILIDAD_DEFINITIVO.xlsx","TRAZABILIDAD","A4:E14","La trazabilidad usa la campaña v5 de 16/06 y no identifica los dos summaries más recientes de 18/06, aunque el criterio de auditoría exige priorizar la evidencia posterior o justificar por qué es auxiliar.","05_LOGS/BENCHMARKS/TFM_TEC_Run_CANDIDATE_v5_20260618_192456/192553_summary.csv: 9 OK y uploads con hashes 7AF618.../86B416....","Declarar explícitamente la campaña oficial. Si se mantiene 16/06, justificar y separar las ejecuciones del 18/06 como auxiliares; si se adopta la última, recalcular todo.","false"
"MINOR","01_TECNICAS_FP_FIABILIDAD_DEFINITIVO.xlsx / 02_BENCHMARK_RENDIMIENTO_VALIDACION_DATOS.xlsx","Hojas de detalle","Rangos usados","Los rangos de datos no están definidos como tablas Excel, aunque sí hay freeze panes y filtros en el libro 02.","ListObjects=0 en los libros 01 y 02.","Convertir los rangos de detalle en tablas con nombres únicos y filtros, sin alterar datos.","true"
"MINOR","03_ANALISIS_TECNICAS_TFM_V4_REFERENCIA.xlsx","00_Guia..10_Gaps_Custom_P1P4","UsedRange A1:Z200 / A1:AE200","Muchas hojas tienen UsedRange inflado hasta fila 200 y columna Z/AE pese a contener pocas celdas, lo que perjudica impresión y navegación.","Metadatos Excel COM de las primeras 12 hojas.","Limpiar formato sobrante en una copia y definir áreas de impresión.","true"
"MINOR","fuentes_analisis/*","Todas","Archivos completos","Hay duplicados byte a byte: el libro 03 aparece tres veces y el libro 04 dos veces.","Hash 653133D7... en 03/V4_ORIGINAL/DEF_ORIGINAL; hash CD1C04BA... en 04/Artifacts_Publicos_ORIGINAL.","Conservar una sola copia por hash o documentar explícitamente original versus copia de entrega.","true"
"MINOR","00_CONTEXT/TEST_MATRIX.md","N/A","Archivo ausente","La matriz obligatoria indicada por AGENTS.md no existe. La auditoría tuvo que usar CURRENT_TASK, DECISIONS, JSONL y MATRIZ_COBERTURA_FINAL.","Get-Item devuelve ruta inexistente; la ausencia ya estaba anotada en PORCENTAJE_FIABILIDAD_CONTEXT.md.","Crear TEST_MATRIX.md vigente o corregir AGENTS.md para señalar la fuente canónica.","false"
"MINOR","Todos los .xlsx","Todas","Revisión visual","Excel abrió los 44 tabs y exportó 44 PDF temporales, pero el entorno no permitió renderizar esos PDF/PNG de forma fiable. Queda revisión visual humana de clipping, colores y paginación.","Excel COM 16.0; exportación 44/44; navegador integrado y Poppler no disponibles; CopyPicture produjo PNG en blanco.","Abrir los cuatro libros en Excel/LibreOffice y revisar cada hoja y gráfico al 100 % de zoom antes de entregar.","false"
"INFO","Todos los .xlsx","Todas","Estructura","No se detectaron #REF!, #VALUE!, #N/A, #DIV/0!, #NAME?, vínculos externos, hojas ocultas, pivotes ni macros.","Inspección Excel COM de 4 libros y 44 hojas.","Sin acción.","false"
"INFO","02_BENCHMARK_RENDIMIENTO_VALIDACION_DATOS.xlsx","SCENARIO_SUMMARY / GRAFICAS","A1:R4; 4 gráficos","Los recuentos de escenario y roles coinciden con los CSV normalizados; los cuatro gráficos usan rangos coherentes.","83/82/95 muestras; roles 520 notepad + 177 server/lab + 0 cliente; series A2:B4, D4:E7, G2:H4 y J2:K4.","Mantener como evidencia de control de calidad, no como benchmark definitivo.","false"
"INFO","TEC-009 evidencia externa","N/A","N/A","Sí existe transferencia real de ZIP controlado; el problema es la ausencia de enlace desde el Excel, no la falta de transferencia.","receiver_log.jsonl + upload_20260616_154943_944765.zip: 6.245 bytes, application/zip, POST /upload, SHA256 F7E58BFDFDADB96949D7BB55DD0DEEECAA00C50F7AF4652CC6E242E870747509.","Incorporar esta trazabilidad al Excel 01.","false"
"INFO","04_ANALISIS_ARTIFACTS_PUBLICOS_REFERENCIA.xlsx","01_Dashboard","Fórmulas y gráficos","Las 43 fórmulas calculan sin error y las dos series de gráficos cubren sus rangos previstos.","FormulaErrorCells=0; series A16:D20 e I13:J16.","Sin acción estructural; solo reclasificar el libro como plantilla histórica/metodológica.","false"
