ruta,tipo,tamano_bytes,fecha_modificacion,sha256,rol,campana_asignada
04_EVIDENCE\Analisis_Tecnicas_TFM_V.4.xlsx,xlsx,179555,2026-05-15T11:16:36.703Z,653133d7761363e435fb37caf2bf70e914231d8704f45b64a945282732830c03,EXCEL_BASE_V4,BASE
05_LOGS\Validas\Prueba_24_06_2026\CU001_Source_TEC001_PowerShell_Basic-2026-06-23T12_00_00Z-2026-06-24T12_00_00Z-C.364907172793f8c7.csv,csv,780015,2026-06-24T13:11:20.405Z,d2a26924103c0030715e2f015c8593be3a653488163298e429c19b653acd442e,VR_EXPORT_REAL,REAL_24_06
05_LOGS\Validas\Prueba_24_06_2026\CU002_Source_TEC002_CMD_Basic-2026-06-23T12_00_00Z-2026-06-24T12_00_00Z-C.364907172793f8c7.csv,csv,1254734,2026-06-24T13:11:09.341Z,2f5b27bacc06039542b14ebc7824a738436e46da316b2c68b2ce09dfe7fdae50,VR_EXPORT_REAL,REAL_24_06
05_LOGS\Validas\Prueba_24_06_2026\CU003_Source_TEC003_ScheduledTask_Basic-2026-06-23T12_00_00Z-2026-06-24T12_00_00Z-C.364907172793f8c7.csv,csv,158367,2026-06-24T13:10:59.527Z,e0354070664b4c9a78c80e07bb1fbcc99def15ca08e5e397fb045e714c7b83f4,VR_EXPORT_REAL,REAL_24_06
05_LOGS\Validas\Prueba_24_06_2026\CU004_Source_TEC004_RunKeys_Basic-2026-06-23T12_00_00Z-2026-06-24T12_00_00Z-C.364907172793f8c7.csv,csv,108293,2026-06-24T13:10:48.183Z,14aa340401999cc436c68f0da5350f537978bb023043d65f3e13f411078d1e31,VR_EXPORT_REAL,REAL_24_06
05_LOGS\Validas\Prueba_24_06_2026\CU005_Source_TEC005_ServiceCreation_7045-2026-06-23T12_00_00Z-2026-06-24T12_00_00Z-C.364907172793f8c7.csv,csv,8841,2026-06-24T13:10:28.283Z,ed19e1b9f5e52baefcf1ee794028bfddb3e51ae800d65b5ab48af6d306936a08,VR_EXPORT_REAL,REAL_24_06
05_LOGS\Validas\Prueba_24_06_2026\Forensic_EVENT_PowerShell4104_Strong_By_Technique-2026-06-23T12_00_00Z-2026-06-24T12_00_00Z-C.364907172793f8c7.csv,csv,1689325,2026-06-24T13:13:36.536Z,303ed512cb726e5119d76e4125b1d475aa3a15d9cefe19fb893655580cc32b16,VR_EXPORT_REAL,REAL_24_06
05_LOGS\Validas\Prueba_24_06_2026\Forensic_EVENT_Sysmon_ID1_Process_By_Technique-2026-06-23T12_00_00Z-2026-06-24T12_00_00Z-C.364907172793f8c7.csv,csv,4082771,2026-06-24T13:13:28.407Z,ebb80d48f7a75023a417800db1a08793e22f4dd3d0f6fedfc0dfd9be56711036,VR_EXPORT_REAL,REAL_24_06
05_LOGS\Validas\Prueba_24_06_2026\Forensic_EVENT_Sysmon_Registry_File_Network_Context-2026-06-23T12_00_00Z-2026-06-24T12_00_00Z-C.364907172793f8c7.csv,csv,151185,2026-06-24T13:13:22.486Z,164f0b3b148f92ab7bc153e5098e532e9cca97a039626a9ba7f53da64e501bbf,VR_EXPORT_REAL,REAL_24_06
05_LOGS\Validas\Prueba_24_06_2026\Forensic_EVENT_System_7045_ServiceCreation-2026-06-23T12_00_00Z-2026-06-24T12_00_00Z-C.364907172793f8c7.csv,csv,19831,2026-06-24T13:13:15.481Z,bad484b8d075da77d0cf784e03f4af822b433b52eb03e26be6b187af912cc120,VR_EXPORT_REAL,REAL_24_06
05_LOGS\Validas\Prueba_24_06_2026\P1_EVENT_PowerShell4104_Basic-2026-06-23T12_00_00Z-2026-06-24T12_00_00Z-C.364907172793f8c7.csv,csv,45216047,2026-06-24T13:13:55.939Z,e32d4b9624258fcaa4fe14e567cb193052d2027c0f81d49ffb1d1f7961259a28,VR_EXPORT_REAL,REAL_24_06
05_LOGS\Validas\Prueba_24_06_2026\P1_EVENT_Sysmon_ID1_Process_Basic-2026-06-23T12_00_00Z-2026-06-24T12_00_00Z-C.364907172793f8c7.csv,csv,100035,2026-06-24T13:13:49.314Z,48dbe99378e8fe5c62e369ef6a9ca457f64ec51af8bd044d6414ff0255cc2faa,VR_EXPORT_REAL,REAL_24_06
05_LOGS\Validas\Prueba_24_06_2026\P1_EVENT_System7045_ServiceCreation-2026-06-23T12_00_00Z-2026-06-24T12_00_00Z-C.364907172793f8c7.csv,csv,6741,2026-06-24T13:13:44.520Z,374bacbcd940d0fd560210661294d818227fdbf1b042f9ed9c4b2ee3d7b8a538,VR_EXPORT_REAL,REAL_24_06
05_LOGS\Validas\Prueba_24_06_2026\P1_EVENT_TEC009_Sysmon_Context-2026-06-23T12_00_00Z-2026-06-24T12_00_00Z-C.364907172793f8c7.csv,csv,24196,2026-06-24T13:13:40.421Z,3b93d7bc63540612e14188dbe5fa3719b6b9f362740a0c113de51dea872dd85b,VR_EXPORT_REAL,REAL_24_06
05_LOGS\Validas\Prueba_24_06_2026\TEC001_PowerShell_4104-2026-06-23T12_00_00Z-2026-06-24T12_00_00Z-C.364907172793f8c7.csv,csv,51232,2026-06-24T13:13:09.738Z,0f1cdeb9dc915aebcbe39e2ad4e604d16d86fe1cab25290615c1f58e80cf71ca,VR_EXPORT_REAL,REAL_24_06
05_LOGS\Validas\Prueba_24_06_2026\TEC002_CMD_Sysmon-2026-06-23T12_00_00Z-2026-06-24T12_00_00Z-C.364907172793f8c7.csv,csv,340408,2026-06-24T13:13:03.513Z,fdfe7eaa3abc3525fba19424cdaec9b9afd5293f46c06d1157a4a482c54b0791,VR_EXPORT_REAL,REAL_24_06
05_LOGS\Validas\Prueba_24_06_2026\TEC003_ScheduledTask_Sysmon-2026-06-23T12_00_00Z-2026-06-24T12_00_00Z-C.364907172793f8c7.csv,csv,99403,2026-06-24T13:12:55.669Z,43bc59ee0e2214dfa29d4173376cf7a281e75140984fd445d27cd69c3ab76bb5,VR_EXPORT_REAL,REAL_24_06
05_LOGS\Validas\Prueba_24_06_2026\TEC004_RunKey_Sysmon-2026-06-23T12_00_00Z-2026-06-24T12_00_00Z-C.364907172793f8c7.csv,csv,65105,2026-06-24T13:12:47.219Z,1a031c18892f5dcd1e47fa84356c59335205ce6b885ee3b8080cf1de49533fae,VR_EXPORT_REAL,REAL_24_06
05_LOGS\Validas\Prueba_24_06_2026\TEC005_Service_System7045-2026-06-23T12_00_00Z-2026-06-24T12_00_00Z-C.364907172793f8c7.csv,csv,7267,2026-06-24T13:12:39.065Z,96611b8558e564ab81e618605401d88cd35fef5762499dfc07802fffb0d4848e,VR_EXPORT_REAL,REAL_24_06
05_LOGS\Validas\Prueba_24_06_2026\TEC006_SecuritySoftwareDiscovery_4104-2026-06-23T12_00_00Z-2026-06-24T12_00_00Z-C.364907172793f8c7.csv,csv,504925,2026-06-24T13:12:30.433Z,8f8b37689e97b34d4df08666e7ad5f105c04e926d26be5eccc28cb4aadf10e10,VR_EXPORT_REAL,REAL_24_06
05_LOGS\Validas\Prueba_24_06_2026\TEC006_SecuritySoftwareDiscovery_Sysmon-2026-06-23T12_00_00Z-2026-06-24T12_00_00Z-C.364907172793f8c7.csv,csv,103622,2026-06-24T13:12:20.565Z,e1aa97ac8149ba6326b767f36cf18a1f8d178292f9d821c294b12d2264118aed,VR_EXPORT_REAL,REAL_24_06
05_LOGS\Validas\Prueba_24_06_2026\TEC007_DataEncryptedForImpact_4104-2026-06-23T12_00_00Z-2026-06-24T12_00_00Z-C.364907172793f8c7.csv,csv,62595,2026-06-24T13:12:12.409Z,4e35ad573580e4a3bf9beda0ab7a1789674dcbf914a4f2deefebc66e6a782fc1,VR_EXPORT_REAL,REAL_24_06
05_LOGS\Validas\Prueba_24_06_2026\TEC008_DataDestruction_4104-2026-06-23T12_00_00Z-2026-06-24T12_00_00Z-C.364907172793f8c7.csv,csv,5870,2026-06-24T13:12:02.704Z,ffb06a2c3b7a2f38f0efbd78413abc7f843f9560f9b571b563f7b80a3a7b9408,VR_EXPORT_REAL,REAL_24_06
05_LOGS\Validas\Prueba_24_06_2026\TEC009_HTTP_Network_Sysmon_Context-2026-06-23T12_00_00Z-2026-06-24T12_00_00Z-C.364907172793f8c7.csv,csv,25142,2026-06-24T13:11:49.259Z,71fe4c9b526ea119351fb77b12798d7959b7ca5a1a9c896b6d61d057aa9a417a,VR_EXPORT_REAL,REAL_24_06
05_LOGS\Validas\Prueba_24_06_2026\TEC009_HTTP_Upload_Sysmon_Process_Context-2026-06-23T12_00_00Z-2026-06-24T12_00_00Z-C.364907172793f8c7.csv,csv,21266,2026-06-24T13:11:40.559Z,b04b04dc6284948084b0f082a98ae4d75c5dd7d3fa87b8b6b328231965015094,VR_EXPORT_REAL,REAL_24_06
05_LOGS\Validas\Prueba_24_06_2026\TEC009_HTTP_ZIP_Upload_4104-2026-06-23T12_00_00Z-2026-06-24T12_00_00Z-C.364907172793f8c7.csv,csv,6725,2026-06-24T13:11:31.436Z,f3d5ee4723154259f28ded244c6bd5ce2c9f8bc1f218a467b66194fc4397c497,VR_EXPORT_REAL,REAL_24_06
05_LOGS\Validas\Prueba_24_06_2026\TFM_TEC_Run_CANDIDATE_v5_20260624_145022.log,log,56971,2026-06-24T12:55:56.676Z,f49933e7959f8d4789a15e2692a88b0dbdfa932d1697a7ac9f5fc5755f94b487,VR_EXPORT_REAL,REAL_24_06
05_LOGS\Validas\Prueba_24_06_2026\TFM_TEC_Run_CANDIDATE_v5_20260624_145022_summary.csv,csv,27943,2026-06-24T12:55:56.558Z,c5a62847044991f0d6d89bb102a2dd8a1dead6f36f3cfccd42331577e5e507db,REAL_SUMMARY,REAL_24_06
05_LOGS\Validas\Prueba_24_06_2026\TFM_TEC_Run_CANDIDATE_v5_20260624_145022_summary.json,json,63887,2026-06-24T12:55:56.429Z,6f3101cd2588fd0cd21ec35c7b9dd0613fb71eb3194a26b0f1428000c992aa23,REAL_SUMMARY,REAL_24_06
05_LOGS\Validas\Prueba_24_06_2026\TFM_TEC_Run_CANDIDATE_v5_20260624_145022_summary.txt,txt,33063,2026-06-24T12:55:56.558Z,a845d46c8d8d9b55577ea4acd7f86faa3cc78c5d0d7ac728fc7350a84f394f97,REAL_SUMMARY,REAL_24_06
05_LOGS\Validas\Prueba_24_06_2026_FP\CU001_Source_TEC001_PowerShell_Basic-2026-06-25T12_00_00Z-2026-06-26T12_00_00Z-C.364907172793f8c7.csv,csv,727298,2026-06-26T08:27:23.362Z,6209f8982dccc5e55d9e35692ca15b7753539ba55717137ef0a07cc77faf2161,VR_EXPORT_FP_OR_MIXED,FP_26_06
05_LOGS\Validas\Prueba_24_06_2026_FP\CU002_Source_TEC002_CMD_Basic-2026-06-25T12_00_00Z-2026-06-26T12_00_00Z-C.364907172793f8c7.csv,csv,1105413,2026-06-26T08:27:16.928Z,a476fb1224ba30cff5c4995a2fdff739e538d0498a56b7ccff9c07bf3ccfc6fc,VR_EXPORT_FP_OR_MIXED,FP_26_06
05_LOGS\Validas\Prueba_24_06_2026_FP\CU003_Source_TEC003_ScheduledTask_Basic-2026-06-25T12_00_00Z-2026-06-26T12_00_00Z-C.364907172793f8c7.csv,csv,183853,2026-06-26T08:27:09.445Z,63f50d0783b8bb5b0d39c27ddd7155468a0a362fac7b248b727eb3d4e70bb1a3,VR_EXPORT_FP_OR_MIXED,FP_26_06
05_LOGS\Validas\Prueba_24_06_2026_FP\CU004_Source_TEC004_RunKeys_Basic-2026-06-25T12_00_00Z-2026-06-26T12_00_00Z-C.364907172793f8c7.csv,csv,109823,2026-06-26T08:26:59.884Z,82c0ced7c28bce1a79193d50c8d0233d24570d81ba369a208bc0acbcdc612f6c,VR_EXPORT_FP_OR_MIXED,FP_26_06
05_LOGS\Validas\Prueba_24_06_2026_FP\CU005_Source_TEC005_ServiceCreation_7045-2026-06-23T12_00_00Z-2026-06-24T12_00_00Z-C.364907172793f8c7 (1).csv,csv,5994,2026-06-26T08:26:43.352Z,f1db189f4d39fd8fe04d60d41c8b1ddc6033d086f91843410f27e635535cd08d,VR_EXPORT_FP_OR_MIXED,FP_26_06
05_LOGS\Validas\Prueba_24_06_2026_FP\Forensic_EVENT_PowerShell4104_Strong_By_Technique-2026-06-25T12_00_00Z-2026-06-26T12_00_00Z-C.364907172793f8c7.csv,csv,2150349,2026-06-26T08:29:15.539Z,f41d915a54e28185fa34d12876f6263b29f10eb4af04cbb24b0001187f0a07eb,VR_EXPORT_FP_OR_MIXED,FP_26_06
05_LOGS\Validas\Prueba_24_06_2026_FP\Forensic_EVENT_Sysmon_ID1_Process_By_Technique-2026-06-25T12_00_00Z-2026-06-26T12_00_00Z-C.364907172793f8c7.csv,csv,3792751,2026-06-26T08:29:06.588Z,7c67ab9be20a1b6bbcf3f331299368aa89f8f539199bdc058846495d37e6220f,VR_EXPORT_FP_OR_MIXED,FP_26_06
05_LOGS\Validas\Prueba_24_06_2026_FP\Forensic_EVENT_System_7045_ServiceCreation-2026-06-23T12_00_00Z-2026-06-24T12_00_00Z-C.364907172793f8c7.csv,csv,13210,2026-06-26T08:28:49.494Z,3178d1ca03d5dbc7fb5c93a888bbabce7770ef03a49a6b3a25950e068133ed8a,VR_EXPORT_FP_OR_MIXED,FP_26_06
05_LOGS\Validas\Prueba_24_06_2026_FP\P1_EVENT_TEC009_Sysmon_Context-2026-06-23T12_00_00Z-2026-06-24T12_00_00Z-C.364907172793f8c7.csv,csv,20182,2026-06-26T08:29:21.754Z,8cc402c503a5e5ff30e48b8a2b6c4517a12864856f5bc2f3d78e235a4b2fbea2,VR_EXPORT_FP_OR_MIXED,FP_26_06
05_LOGS\Validas\Prueba_24_06_2026_FP\TEC001_PowerShell_4104-2026-06-23T12_00_00Z-2026-06-24T12_00_00Z-C.364907172793f8c7.csv,csv,38327,2026-06-26T08:28:42.258Z,16b2e47c233015a10b38ca718c199dffdd21bd23b3f8c34a7cd7608412871b60,VR_EXPORT_FP_OR_MIXED,FP_26_06
05_LOGS\Validas\Prueba_24_06_2026_FP\TEC002_CMD_Sysmon-2026-06-25T12_00_00Z-2026-06-26T12_00_00Z-C.364907172793f8c7.csv,csv,302290,2026-06-26T08:28:35.370Z,4b61702181fe74b1e1fe4bb6fd4ea4392bf722477f8bdec2ba605e6e24283e40,VR_EXPORT_FP_OR_MIXED,FP_26_06
05_LOGS\Validas\Prueba_24_06_2026_FP\TEC003_ScheduledTask_Sysmon-2026-06-25T12_00_00Z-2026-06-26T12_00_00Z-C.364907172793f8c7.csv,csv,104276,2026-06-26T08:28:28.535Z,0887e09789d8443b915ef3caf92c71bfbfaa18bf623e5337ea01a11ed13ecb30,VR_EXPORT_FP_OR_MIXED,FP_26_06
05_LOGS\Validas\Prueba_24_06_2026_FP\TEC004_RunKey_Sysmon-2026-06-25T12_00_00Z-2026-06-26T12_00_00Z-C.364907172793f8c7.csv,csv,63017,2026-06-26T08:28:22.002Z,0347e694e8b96da8090022cde721465493c326dac3ad3db323174ebe1223308b,VR_EXPORT_FP_OR_MIXED,FP_26_06
05_LOGS\Validas\Prueba_24_06_2026_FP\TEC005_Service_System7045-2026-06-23T12_00_00Z-2026-06-24T12_00_00Z-C.364907172793f8c7.csv,csv,4872,2026-06-26T08:28:06.549Z,d5f76f69ffb420c3080a4073ee630acebd51634e1c4b51d7f117e218a7d47014,VR_EXPORT_FP_OR_MIXED,FP_26_06
05_LOGS\Validas\Prueba_24_06_2026_FP\TEC006_SecuritySoftwareDiscovery_4104-2026-06-25T12_00_00Z-2026-06-26T12_00_00Z-C.364907172793f8c7.csv,csv,659538,2026-06-26T08:28:01.291Z,78074bd7a67641a078744b495039dadef194876990e02455d47c78c370397b4d,VR_EXPORT_FP_OR_MIXED,FP_26_06
05_LOGS\Validas\Prueba_24_06_2026_FP\TEC006_SecuritySoftwareDiscovery_Sysmon-2026-06-25T12_00_00Z-2026-06-26T12_00_00Z-C.364907172793f8c7.csv,csv,90936,2026-06-26T08:27:56.574Z,0e24c0235f851353ec2f10e20b4be09abcd2b25462f52f2c2ed9963536233c3e,VR_EXPORT_FP_OR_MIXED,FP_26_06
05_LOGS\Validas\Prueba_24_06_2026_FP\TEC007_DataEncryptedForImpact_4104-2026-06-23T12_00_00Z-2026-06-24T12_00_00Z-C.364907172793f8c7.csv,csv,37632,2026-06-26T08:27:50.638Z,fca339ee5adf9c38057098e2592ba17efa100a2e1bd867b94e03600b0e24e26d,VR_EXPORT_FP_OR_MIXED,FP_26_06
05_LOGS\Validas\Prueba_24_06_2026_FP\TEC008_DataDestruction_4104-2026-06-23T12_00_00Z-2026-06-24T12_00_00Z-C.364907172793f8c7.csv,csv,5052,2026-06-26T08:27:46.280Z,c06962f14617229acf814008d11ba854de690bcdf90d6c39a6c5699fbbab7b0d,VR_EXPORT_FP_OR_MIXED,FP_26_06
05_LOGS\Validas\Prueba_24_06_2026_FP\TEC009_HTTP_Network_Sysmon_Context-2026-06-23T12_00_00Z-2026-06-24T12_00_00Z-C.364907172793f8c7.csv,csv,20982,2026-06-26T08:27:41.081Z,f5721b515315bb19ab70b4a3d479dd55cc50ecb79e5533dd1bda2b357ada5505,VR_EXPORT_FP_OR_MIXED,FP_26_06
05_LOGS\Validas\Prueba_24_06_2026_FP\TEC009_HTTP_Upload_Sysmon_Process_Context-2026-06-25T12_00_00Z-2026-06-26T12_00_00Z-C.364907172793f8c7.csv,csv,20018,2026-06-26T08:27:36.643Z,037619d8fd98e3bdd84fd0b8798b6a5d9d707aa9330837a8f7e407e4383a2ca8,VR_EXPORT_FP_OR_MIXED,FP_26_06
05_LOGS\Validas\Prueba_24_06_2026_FP\TEC009_HTTP_ZIP_Upload_4104-2026-06-23T12_00_00Z-2026-06-24T12_00_00Z-C.364907172793f8c7.csv,csv,5483,2026-06-26T08:27:31.375Z,6252188da721463697e23909f76fefac40b23e8b8599360b516a9654f5ca9331,VR_EXPORT_FP_OR_MIXED,FP_26_06
05_LOGS\Validas\Prueba_24_06_2026_FP\TFM_FP_20260626_101948.log,log,2006,2026-06-26T08:20:18.426Z,96c8560ecb781423742f7b2d1509ce4ee110f97f8e5aa628e4d97bd3fc0a4f0c,VR_EXPORT_FP_OR_MIXED,FP_26_06
05_LOGS\Validas\Prueba_24_06_2026_FP\TFM_FP_20260626_101948_summary.csv,csv,2944,2026-06-26T08:20:18.117Z,dc70b5f21ef301c149d8e32631280037be90880081412c17bcb254a4395b3121,FP_SUMMARY,FP_26_06
05_LOGS\Validas\Prueba_24_06_2026_FP\TFM_FP_20260626_101948_summary.json,json,9214,2026-06-26T08:20:18.252Z,1e737e49db7b7c801806dc8074f94f1ad55e12b036ae52923828671ce06d775d,FP_SUMMARY,FP_26_06
05_LOGS\Validas\Prueba_24_06_2026_FP\TFM_FP_20260626_101948_summary.txt,txt,1827,2026-06-26T08:20:18.354Z,4e2e0bb00d944938a8613532e85bc43e3090e92033cff316bf9389a98c838a5c,FP_SUMMARY,FP_26_06
05_LOGS\Validas\Prueba_24_06_2026_FP\TFM_FP_20260626_101948_vr_hits.csv,csv,145,2026-06-26T08:20:18.117Z,6d712fcc2666acdc903fdb17c78d607f811a629d3b5360e63a49639e6dbf32cc,FP_HITS,FP_26_06
05_LOGS\Validas\Prueba_24_06_2026_FP\TFM_FP_20260626_101948_vr_hits.txt,txt,80,2026-06-26T08:20:18.359Z,2c03d8c28d8ef849d68e019713cf59397ecdabd3fdef0a656ac3d7b816a0145d,FP_HITS,FP_26_06
05_LOGS\Validas\Prueba_24_06_2026_FP\VR_FP_HTTP_LOCAL_CLEAN_20260626_101945\fp_end_local.txt,txt,92,2026-06-26T08:20:24.116Z,20e9677c184f158755385515bc5dd848e788344e10b60a2467e8f3bd12ed6901,VR_EXPORT_FP_OR_MIXED,FP_26_06
05_LOGS\Validas\Prueba_24_06_2026_FP\VR_FP_HTTP_LOCAL_CLEAN_20260626_101945\fp_start_local.txt,txt,92,2026-06-26T08:19:45.455Z,d5c71ed0cee9ffcdb4148d90623b98bdd3abb14a5941bca79eaba7b6fbf14c92,VR_EXPORT_FP_OR_MIXED,FP_26_06
05_LOGS\Validas\Prueba_24_06_2026_FP\VR_FP_HTTP_LOCAL_CLEAN_20260626_101945\runner_fp_outputs\TFM_FP_20260626_101948.log,log,2006,2026-06-26T08:20:18.426Z,96c8560ecb781423742f7b2d1509ce4ee110f97f8e5aa628e4d97bd3fc0a4f0c,VR_EXPORT_FP_OR_MIXED,FP_26_06
05_LOGS\Validas\Prueba_24_06_2026_FP\VR_FP_HTTP_LOCAL_CLEAN_20260626_101945\runner_fp_outputs\TFM_FP_20260626_101948_summary.csv,csv,2944,2026-06-26T08:20:18.117Z,dc70b5f21ef301c149d8e32631280037be90880081412c17bcb254a4395b3121,FP_SUMMARY,FP_26_06
05_LOGS\Validas\Prueba_24_06_2026_FP\VR_FP_HTTP_LOCAL_CLEAN_20260626_101945\runner_fp_outputs\TFM_FP_20260626_101948_summary.json,json,9214,2026-06-26T08:20:18.252Z,1e737e49db7b7c801806dc8074f94f1ad55e12b036ae52923828671ce06d775d,FP_SUMMARY,FP_26_06
05_LOGS\Validas\Prueba_24_06_2026_FP\VR_FP_HTTP_LOCAL_CLEAN_20260626_101945\runner_fp_outputs\TFM_FP_20260626_101948_summary.txt,txt,1827,2026-06-26T08:20:18.354Z,4e2e0bb00d944938a8613532e85bc43e3090e92033cff316bf9389a98c838a5c,FP_SUMMARY,FP_26_06
05_LOGS\Validas\Prueba_24_06_2026_FP\VR_FP_HTTP_LOCAL_CLEAN_20260626_101945\runner_fp_outputs\TFM_FP_20260626_101948_vr_hits.csv,csv,145,2026-06-26T08:20:18.117Z,6d712fcc2666acdc903fdb17c78d607f811a629d3b5360e63a49639e6dbf32cc,FP_HITS,FP_26_06
05_LOGS\Validas\Prueba_24_06_2026_FP\VR_FP_HTTP_LOCAL_CLEAN_20260626_101945\runner_fp_outputs\TFM_FP_20260626_101948_vr_hits.txt,txt,80,2026-06-26T08:20:18.359Z,2c03d8c28d8ef849d68e019713cf59397ecdabd3fdef0a656ac3d7b816a0145d,FP_HITS,FP_26_06
05_LOGS\Validas\Prueba_24_06_2026_FP\VR_FP_HTTP_LOCAL_CLEAN_20260626_101945\soc_alerts_fp_http_local_clean.jsonl,jsonl,0,2026-06-24T13:24:54.571Z,e3b0c44298fc1c149afbf4c8996fb92427ae41e4649b934ca495991b7852b855,VR_EXPORT_FP_OR_MIXED,FP_26_06
10_WAZUH\TFM_WAZUH_VISIBILIDAD_EVIDENCE\ENTREGA_WAZUH_VISIBILIDAD_20260622_114027\base\base_custom_rule_check_110xxx.txt,txt,0,2026-06-22T11:40:35.000Z,e3b0c44298fc1c149afbf4c8996fb92427ae41e4649b934ca495991b7852b855,WAZUH_EVIDENCE,WAZUH
10_WAZUH\TFM_WAZUH_VISIBILIDAD_EVIDENCE\ENTREGA_WAZUH_VISIBILIDAD_20260622_114027\base\end_utc.txt,txt,21,2026-06-22T11:40:31.000Z,cad3c3ae35884cebba84bb9f421ce3c704bc872ae2cb81cdde53b6e740dd9f42,WAZUH_EVIDENCE,WAZUH
10_WAZUH\TFM_WAZUH_VISIBILIDAD_EVIDENCE\ENTREGA_WAZUH_VISIBILIDAD_20260622_114027\base\start_utc.txt,txt,21,2026-06-22T11:40:31.000Z,b526a6d767a63c0a2f0ba277250567529b3cdfdead7b7863684e8da7ecd7653d,WAZUH_EVIDENCE,WAZUH
10_WAZUH\TFM_WAZUH_VISIBILIDAD_EVIDENCE\ENTREGA_WAZUH_VISIBILIDAD_20260622_114027\base\wazuh_base_alerts_delta.jsonl,jsonl,160796,2026-06-22T11:40:31.000Z,fe8b4125b868bacb2b44490490dd2681fd7b60a9fa80a39a678bf18d4a461517,WAZUH_EVIDENCE,WAZUH
10_WAZUH\TFM_WAZUH_VISIBILIDAD_EVIDENCE\ENTREGA_WAZUH_VISIBILIDAD_20260622_114027\base\wazuh_base_alerts_filtered.jsonl,jsonl,158062,2026-06-22T11:40:34.000Z,0d94b49654c09ad054b3ca3b8cf96ad29fddfdc4ab38246802de7b54d537ea72,WAZUH_EVIDENCE,WAZUH
10_WAZUH\TFM_WAZUH_VISIBILIDAD_EVIDENCE\ENTREGA_WAZUH_VISIBILIDAD_20260622_114027\base\wazuh_base_archives_delta.jsonl,jsonl,2614459,2026-06-22T11:40:31.000Z,d678b4cb78cd9c3a0615de98ef525c4d3d3ddff941ea68263366c6215df48d5b,WAZUH_EVIDENCE,WAZUH
10_WAZUH\TFM_WAZUH_VISIBILIDAD_EVIDENCE\ENTREGA_WAZUH_VISIBILIDAD_20260622_114027\base\wazuh_base_summary.txt,txt,452,2026-06-22T11:40:31.000Z,2096641c367ead69ccdbabe6e03b48783471cfbbbedd11bff19d14c0b1378840,WAZUH_EVIDENCE,WAZUH
10_WAZUH\TFM_WAZUH_VISIBILIDAD_EVIDENCE\ENTREGA_WAZUH_VISIBILIDAD_20260622_114027\base\wazuh_base_visibility_filtered.jsonl,jsonl,2246530,2026-06-22T11:40:34.000Z,951b91b743d29e0ea1d7f10fcff1b2674b8faad8013c9b4af358b807f13bfd0c,WAZUH_EVIDENCE,WAZUH
10_WAZUH\TFM_WAZUH_VISIBILIDAD_EVIDENCE\ENTREGA_WAZUH_VISIBILIDAD_20260622_114027\checks\status_wazuh_dashboard.txt,txt,13317,2026-06-22T11:41:13.000Z,ca7a12124d2d6275c1588fc4a29ef8bcdb88a9111b576dc2e116b0ec269aad02,WAZUH_EVIDENCE,WAZUH
10_WAZUH\TFM_WAZUH_VISIBILIDAD_EVIDENCE\ENTREGA_WAZUH_VISIBILIDAD_20260622_114027\checks\status_wazuh_indexer.txt,txt,3463,2026-06-22T11:41:12.000Z,085cefa87e935d7a62fa40936110d0ac16e030008a0337e707e7257413237bfd,WAZUH_EVIDENCE,WAZUH
10_WAZUH\TFM_WAZUH_VISIBILIDAD_EVIDENCE\ENTREGA_WAZUH_VISIBILIDAD_20260622_114027\checks\status_wazuh_manager.txt,txt,2221,2026-06-22T11:41:12.000Z,55b34e0e20e2bf4749a5aaa8526e97e1e4d4b9a026da2babbb8eafe0471b8671,WAZUH_EVIDENCE,WAZUH
10_WAZUH\TFM_WAZUH_VISIBILIDAD_EVIDENCE\ENTREGA_WAZUH_VISIBILIDAD_20260622_114027\checks\wazuh_agents.txt,txt,179,2026-06-22T11:41:12.000Z,7ed2f887a18cdbb41240d3b53ce421583a0e70f3ebe965921b648ecfc8f70ee6,WAZUH_EVIDENCE,WAZUH
10_WAZUH\TFM_WAZUH_VISIBILIDAD_EVIDENCE\ENTREGA_WAZUH_VISIBILIDAD_20260622_114027\checks\wazuh_analysisd_test.txt,txt,0,2026-06-22T11:41:11.000Z,e3b0c44298fc1c149afbf4c8996fb92427ae41e4649b934ca495991b7852b855,WAZUH_EVIDENCE,WAZUH
10_WAZUH\TFM_WAZUH_VISIBILIDAD_EVIDENCE\ENTREGA_WAZUH_VISIBILIDAD_20260622_114027\config\ossec_manager.conf,conf,9387,2026-06-22T11:41:05.000Z,547f8312c60f894217a8d7674d526f385e2c40795d1b0f07a8cf5f742fbde8db,WAZUH_EVIDENCE,WAZUH
10_WAZUH\TFM_WAZUH_VISIBILIDAD_EVIDENCE\ENTREGA_WAZUH_VISIBILIDAD_20260622_114027\config\tfm_wazuh_custom_rules_v2.xml,xml,3204,2026-06-22T11:41:05.000Z,735e58c362b6e29cefa12d4abbda4bf9a4bdd671e5f5cd82e76c91796735896e,WAZUH_EVIDENCE,WAZUH
10_WAZUH\TFM_WAZUH_VISIBILIDAD_EVIDENCE\ENTREGA_WAZUH_VISIBILIDAD_20260622_114027\custom\custom_rule_count_110xxx.txt,txt,110,2026-06-22T11:40:42.000Z,dd652517283322defe461ccff17c04d130e4dd0c137e0f629d4b2f5c3ede848e,WAZUH_EVIDENCE,WAZUH
10_WAZUH\TFM_WAZUH_VISIBILIDAD_EVIDENCE\ENTREGA_WAZUH_VISIBILIDAD_20260622_114027\custom\end_utc.txt,txt,21,2026-06-22T11:40:38.000Z,34d79555ff5baa01bdbc8898b8736c72763c68437025b3db79979f59edb5c754,WAZUH_EVIDENCE,WAZUH
10_WAZUH\TFM_WAZUH_VISIBILIDAD_EVIDENCE\ENTREGA_WAZUH_VISIBILIDAD_20260622_114027\custom\rule_110201_count.txt,txt,2,2026-06-22T11:41:00.000Z,9a271f2a916b0b6ee6cecb2426f0b3206ef074578be55d9bc94f6f3fe3ab86aa,WAZUH_EVIDENCE,WAZUH
10_WAZUH\TFM_WAZUH_VISIBILIDAD_EVIDENCE\ENTREGA_WAZUH_VISIBILIDAD_20260622_114027\custom\sample_rule_110201.jsonl,jsonl,0,2026-06-22T11:40:49.000Z,e3b0c44298fc1c149afbf4c8996fb92427ae41e4649b934ca495991b7852b855,WAZUH_EVIDENCE,WAZUH
10_WAZUH\TFM_WAZUH_VISIBILIDAD_EVIDENCE\ENTREGA_WAZUH_VISIBILIDAD_20260622_114027\custom\sample_rule_110202.jsonl,jsonl,44660,2026-06-22T11:40:49.000Z,f9b4aa38cc38b12f5a81b6c8261bfc61ece4ff4a1f8ca4cb248784308b39d364,WAZUH_EVIDENCE,WAZUH
10_WAZUH\TFM_WAZUH_VISIBILIDAD_EVIDENCE\ENTREGA_WAZUH_VISIBILIDAD_20260622_114027\custom\sample_rule_110203.jsonl,jsonl,30091,2026-06-22T11:40:49.000Z,0088817d31a72a453cedd0fa52869166d9f975b1541ab91e5d4af4c167b1c6bf,WAZUH_EVIDENCE,WAZUH
10_WAZUH\TFM_WAZUH_VISIBILIDAD_EVIDENCE\ENTREGA_WAZUH_VISIBILIDAD_20260622_114027\custom\sample_rule_110301.jsonl,jsonl,4922,2026-06-22T11:40:49.000Z,4af79e43f73dff514759953a16c997f772254d5654b009cf032dd3f942549495,WAZUH_EVIDENCE,WAZUH
10_WAZUH\TFM_WAZUH_VISIBILIDAD_EVIDENCE\ENTREGA_WAZUH_VISIBILIDAD_20260622_114027\custom\sample_rule_110402.jsonl,jsonl,2785,2026-06-22T11:40:49.000Z,40a21d2a92e1e6eab796c2276cd7aaca84be041c66097f99ffd0dfc2195228e3,WAZUH_EVIDENCE,WAZUH
10_WAZUH\TFM_WAZUH_VISIBILIDAD_EVIDENCE\ENTREGA_WAZUH_VISIBILIDAD_20260622_114027\custom\sample_rule_110501.jsonl,jsonl,27971,2026-06-22T11:40:49.000Z,88282ef731c2591fd20dd21d76f3486b31d7c8db2978f3ac50f3d7b17c3f9f32,WAZUH_EVIDENCE,WAZUH
10_WAZUH\TFM_WAZUH_VISIBILIDAD_EVIDENCE\ENTREGA_WAZUH_VISIBILIDAD_20260622_114027\custom\start_utc.txt,txt,21,2026-06-22T11:40:38.000Z,c2203b5b49fc6ed3a601d9c49f1e8c640ddc194dff1814864c8907e53d01747d,WAZUH_EVIDENCE,WAZUH
10_WAZUH\TFM_WAZUH_VISIBILIDAD_EVIDENCE\ENTREGA_WAZUH_VISIBILIDAD_20260622_114027\custom\tec009_alert_search_alerts.jsonl,jsonl,57256,2026-06-22T11:41:00.000Z,07740df76b691f9efd0d8622803443a1e789ad1ba1ef2f3d580bfd2eda13df1f,WAZUH_EVIDENCE,WAZUH
10_WAZUH\TFM_WAZUH_VISIBILIDAD_EVIDENCE\ENTREGA_WAZUH_VISIBILIDAD_20260622_114027\custom\tec009_visibility_search_archives.jsonl,jsonl,256357,2026-06-22T11:41:00.000Z,f2e047e0c483387c966f98bbf6ee53f8fed66c13f5db9346e398c05934301263,WAZUH_EVIDENCE,WAZUH
10_WAZUH\TFM_WAZUH_VISIBILIDAD_EVIDENCE\ENTREGA_WAZUH_VISIBILIDAD_20260622_114027\custom\tfm_wazuh_custom_detections_110xxx.jsonl,jsonl,314214,2026-06-22T11:40:42.000Z,b095f98cc61f79ac282353a4a1053407766aba5d43776effd1f3c60eb2e82428,WAZUH_EVIDENCE,WAZUH
10_WAZUH\TFM_WAZUH_VISIBILIDAD_EVIDENCE\ENTREGA_WAZUH_VISIBILIDAD_20260622_114027\custom\wazuh_custom_alerts_delta.jsonl,jsonl,431533,2026-06-22T11:40:38.000Z,4c1ca23e52964c7752cdb589e0c2caa230d9442ba0b4abd2251d090e6b38e6eb,WAZUH_EVIDENCE,WAZUH
10_WAZUH\TFM_WAZUH_VISIBILIDAD_EVIDENCE\ENTREGA_WAZUH_VISIBILIDAD_20260622_114027\custom\wazuh_custom_archives_delta.jsonl,jsonl,34524261,2026-06-22T11:40:38.000Z,0408ed851c6cb14c552095fb311fed04aabd7d18620585070f415ad4bfe390cd,WAZUH_EVIDENCE,WAZUH
10_WAZUH\TFM_WAZUH_VISIBILIDAD_EVIDENCE\ENTREGA_WAZUH_VISIBILIDAD_20260622_114027\custom\wazuh_custom_summary.txt,txt,556,2026-06-22T11:40:38.000Z,5d3ea8f5436dd71c57ebbffc0a2586da26505f8f7033f298a930e55430684159,WAZUH_EVIDENCE,WAZUH
10_WAZUH\TFM_WAZUH_VISIBILIDAD_EVIDENCE\ENTREGA_WAZUH_VISIBILIDAD_20260622_114027\custom\wazuh_custom_visibility_filtered.jsonl,jsonl,34512874,2026-06-22T11:40:42.000Z,672305c94312344bc55b66c0edcbfd63d871d26d8fa5a0e4c51b93cb95ddce7d,WAZUH_EVIDENCE,WAZUH
10_WAZUH\TFM_WAZUH_VISIBILIDAD_EVIDENCE\ENTREGA_WAZUH_VISIBILIDAD_20260622_114027\RESUMEN_FINAL_WAZUH_BASE_VS_CUSTOM.txt,txt,1407,2026-06-22T11:41:17.000Z,c1484ee2f9a351491d108ccb34281318b81ddc026a987db65fef34a22f51cfd7,WAZUH_EVIDENCE,WAZUH
10_WAZUH\TFM_WAZUH_VISIBILIDAD_EVIDENCE\ENTREGA_WAZUH_VISIBILIDAD_20260622_114027\rutas_campanas.txt,txt,124,2026-06-22T11:40:27.000Z,139d998126427f8400c469d5a19158ad35c2dfbec6d86782dd58b801aca388de,WAZUH_EVIDENCE,WAZUH
10_WAZUH\TFM_WAZUH_VISIBILIDAD_EVIDENCE\ENTREGA_WAZUH_VISIBILIDAD_20260622_114027\SHA256SUMS.txt,txt,6000,2026-06-22T11:41:23.000Z,188110f446021692632cf0a71e686f7fa46cfd29d25ddc2700ad13d9bc9b8988,WAZUH_EVIDENCE,WAZUH
10_WAZUH\TFM_WAZUH_VISIBILIDAD_EVIDENCE\TFM_WAZUH_VISIBILIDAD_EVIDENCE.tar.gz.sha256,sha256,104,2026-06-22T11:43:56.700Z,5adddce15dfd60258f4f3379efd68192a4cb8d38a7fc81fbcf7e81bdbc808694,WAZUH_EVIDENCE,WAZUH
