"RelativePath","Length","SHA256"
"00_Preflight_Controlled_Rerun.ps1","4034","83ECD424FADAC29B1E3AE384415EEAB433DA279C6DD83D7430220DE649651BE4"
"00_Start_TEC_Receiver.ps1","2946","DF53DE9CE6818F6623D9687063EED35A58F7C80FC0D05410D8A563248A0D4F2D"
"01_Run_TEC_Canonical.ps1","11817","3C4E7D806AC29ECB5701C653BE714AEE8D4FCDD5CD9412D6B1AA9CCA72F2250C"
"02_Run_FP_Controlled.ps1","10743","0E77E007833958B5DE3D15484C6C0F88C32976FBA2059148ECBDD242113D20D5"
"03_Run_Benchmark_3x.ps1","9285","F94FF1D4CAAED414505E12274ED80B885B5897A59BC5A2D5BC2228965055345D"
"04_Validate_Controlled_Rerun.ps1","32452","9E18C248F002754E46BC6EFCC932909200F768666C30273F09A54CA8E43B448A"
"05_Stage_For_VM.ps1","1581","9FF3968AE77BD490FAE87B974BFB8F164B701EFC8CEF4BCFBCB4204772814298"
"06_Install_On_VM.ps1","2852","965B3ADF1C1D98645839DAD648D8BF81428F1AC18C1792E42E1378CC6C4E67A7"
"07_Export_VM_Results.ps1","3042","C5E9958D7D4543E2633DEA5C846E21A3BA78A14691E7DF7D0939417262D7A1AB"
"08_Import_VM_Results.ps1","4743","1A9FC2EC0D3FA536BDC563A5072870806F5336F4AC62FA377A97A3E9168D46A3"
"09_Test_Patched_4104.ps1","3113","CD8818F47568E4A855DDB5215698722DCE91A010CD5FCBBD08F5723B5F36F47D"
"10_Build_ClientEvent_Exports.ps1","8195","9A81C28E3FF99321A92B321EC54FD6D670B039D533D46165F0C838E7D18638E4"
"99_Static_SelfTest.ps1","2153","A4745977073F4D5F2B4BE06EA1131E974A1B6854D9A8F5A2ACB93BE674D82E1E"
"CLIENT_EVENT_EXPORT_GUIDE.md","4783","C3CD620CF7F4A4533D31F307A0EDB7129B03A698E3BF5EBE35E383E636AD8D3F"
"CONFIG_SOURCE_MANIFEST.csv","1255","091C0539D59792B05F981DAB56B57CE7779E7C88EFF8E5AE679E4A7FBFC9AD74"
"lib\ControlledRerun.Common.ps1","9729","7796060D60DD1A47AC19ED880C14AFE64BDB3DA083A6D2C76A52549FE3ACAD78"
"README.md","10083","93BD636E12AE9326E268794E7CB7B9DE566737D195983B2AF90C35EE5ECC933E"
"support\TFM_Benchmark_TEC_Load_v1.ps1","884","A6D9D9323F7005E35B3B47D31A2EBBA76A8D10E568E945A34E72329DB5243599"
"VALIDATION_STATUS_FINAL02.md","4296","87F0449E3C23D33C2249849792FC59CCF2A5BCAB4EB74A2ADE628C24D25E80C6"
