Fuentes analizadas y trazabilidad SHA-256									
Prioridad: evidencia normalizada, campañas reales, artifacts validados y maestro actual. Los Excel históricos se usan solo como contraste.									
ID	Tipo	Fichero	Ruta relativa	Fecha	Tamaño	SHA-256	Uso	Hoja o métrica derivada	Estado
F-0001	xlsx	Analisis_Tecnicas_TFM_V.4.xlsx	04_EVIDENCE\Analisis_Tecnicas_TFM_V.4.xlsx	2026-05-15T11:16:36.703Z	179555	653133d7761363e435fb37caf2bf70e914231d8704f45b64a945282732830c03	EXCEL_BASE_V4	BASE	USADA
F-0002	csv	CU001_Source_TEC001_PowerShell_Basic-2026-06-23T12_00_00Z-2026-06-24T12_00_00Z-C.364907172793f8c7.csv	05_LOGS\Validas\Prueba_24_06_2026\CU001_Source_TEC001_PowerShell_Basic-2026-06-23T12_00_00Z-2026-06-24T12_00_00Z-C.364907172793f8c7.csv	2026-06-24T13:11:20.405Z	780015	d2a26924103c0030715e2f015c8593be3a653488163298e429c19b653acd442e	VR_EXPORT_REAL	REAL_24_06	USADA
F-0003	csv	CU002_Source_TEC002_CMD_Basic-2026-06-23T12_00_00Z-2026-06-24T12_00_00Z-C.364907172793f8c7.csv	05_LOGS\Validas\Prueba_24_06_2026\CU002_Source_TEC002_CMD_Basic-2026-06-23T12_00_00Z-2026-06-24T12_00_00Z-C.364907172793f8c7.csv	2026-06-24T13:11:09.341Z	1254734	2f5b27bacc06039542b14ebc7824a738436e46da316b2c68b2ce09dfe7fdae50	VR_EXPORT_REAL	REAL_24_06	USADA
F-0004	csv	CU003_Source_TEC003_ScheduledTask_Basic-2026-06-23T12_00_00Z-2026-06-24T12_00_00Z-C.364907172793f8c7.csv	05_LOGS\Validas\Prueba_24_06_2026\CU003_Source_TEC003_ScheduledTask_Basic-2026-06-23T12_00_00Z-2026-06-24T12_00_00Z-C.364907172793f8c7.csv	2026-06-24T13:10:59.527Z	158367	e0354070664b4c9a78c80e07bb1fbcc99def15ca08e5e397fb045e714c7b83f4	VR_EXPORT_REAL	REAL_24_06	USADA
F-0005	csv	CU004_Source_TEC004_RunKeys_Basic-2026-06-23T12_00_00Z-2026-06-24T12_00_00Z-C.364907172793f8c7.csv	05_LOGS\Validas\Prueba_24_06_2026\CU004_Source_TEC004_RunKeys_Basic-2026-06-23T12_00_00Z-2026-06-24T12_00_00Z-C.364907172793f8c7.csv	2026-06-24T13:10:48.183Z	108293	14aa340401999cc436c68f0da5350f537978bb023043d65f3e13f411078d1e31	VR_EXPORT_REAL	REAL_24_06	USADA
F-0006	csv	CU005_Source_TEC005_ServiceCreation_7045-2026-06-23T12_00_00Z-2026-06-24T12_00_00Z-C.364907172793f8c7.csv	05_LOGS\Validas\Prueba_24_06_2026\CU005_Source_TEC005_ServiceCreation_7045-2026-06-23T12_00_00Z-2026-06-24T12_00_00Z-C.364907172793f8c7.csv	2026-06-24T13:10:28.283Z	8841	ed19e1b9f5e52baefcf1ee794028bfddb3e51ae800d65b5ab48af6d306936a08	VR_EXPORT_REAL	REAL_24_06	USADA
F-0007	csv	Forensic_EVENT_PowerShell4104_Strong_By_Technique-2026-06-23T12_00_00Z-2026-06-24T12_00_00Z-C.364907172793f8c7.csv	05_LOGS\Validas\Prueba_24_06_2026\Forensic_EVENT_PowerShell4104_Strong_By_Technique-2026-06-23T12_00_00Z-2026-06-24T12_00_00Z-C.364907172793f8c7.csv	2026-06-24T13:13:36.536Z	1689325	303ed512cb726e5119d76e4125b1d475aa3a15d9cefe19fb893655580cc32b16	VR_EXPORT_REAL	REAL_24_06	USADA
F-0008	csv	Forensic_EVENT_Sysmon_ID1_Process_By_Technique-2026-06-23T12_00_00Z-2026-06-24T12_00_00Z-C.364907172793f8c7.csv	05_LOGS\Validas\Prueba_24_06_2026\Forensic_EVENT_Sysmon_ID1_Process_By_Technique-2026-06-23T12_00_00Z-2026-06-24T12_00_00Z-C.364907172793f8c7.csv	2026-06-24T13:13:28.407Z	4082771	ebb80d48f7a75023a417800db1a08793e22f4dd3d0f6fedfc0dfd9be56711036	VR_EXPORT_REAL	REAL_24_06	USADA
F-0009	csv	Forensic_EVENT_Sysmon_Registry_File_Network_Context-2026-06-23T12_00_00Z-2026-06-24T12_00_00Z-C.364907172793f8c7.csv	05_LOGS\Validas\Prueba_24_06_2026\Forensic_EVENT_Sysmon_Registry_File_Network_Context-2026-06-23T12_00_00Z-2026-06-24T12_00_00Z-C.364907172793f8c7.csv	2026-06-24T13:13:22.486Z	151185	164f0b3b148f92ab7bc153e5098e532e9cca97a039626a9ba7f53da64e501bbf	VR_EXPORT_REAL	REAL_24_06	USADA
F-0010	csv	Forensic_EVENT_System_7045_ServiceCreation-2026-06-23T12_00_00Z-2026-06-24T12_00_00Z-C.364907172793f8c7.csv	05_LOGS\Validas\Prueba_24_06_2026\Forensic_EVENT_System_7045_ServiceCreation-2026-06-23T12_00_00Z-2026-06-24T12_00_00Z-C.364907172793f8c7.csv	2026-06-24T13:13:15.481Z	19831	bad484b8d075da77d0cf784e03f4af822b433b52eb03e26be6b187af912cc120	VR_EXPORT_REAL	REAL_24_06	USADA
F-0011	csv	P1_EVENT_PowerShell4104_Basic-2026-06-23T12_00_00Z-2026-06-24T12_00_00Z-C.364907172793f8c7.csv	05_LOGS\Validas\Prueba_24_06_2026\P1_EVENT_PowerShell4104_Basic-2026-06-23T12_00_00Z-2026-06-24T12_00_00Z-C.364907172793f8c7.csv	2026-06-24T13:13:55.939Z	45216047	e32d4b9624258fcaa4fe14e567cb193052d2027c0f81d49ffb1d1f7961259a28	VR_EXPORT_REAL	REAL_24_06	USADA
F-0012	csv	P1_EVENT_Sysmon_ID1_Process_Basic-2026-06-23T12_00_00Z-2026-06-24T12_00_00Z-C.364907172793f8c7.csv	05_LOGS\Validas\Prueba_24_06_2026\P1_EVENT_Sysmon_ID1_Process_Basic-2026-06-23T12_00_00Z-2026-06-24T12_00_00Z-C.364907172793f8c7.csv	2026-06-24T13:13:49.314Z	100035	48dbe99378e8fe5c62e369ef6a9ca457f64ec51af8bd044d6414ff0255cc2faa	VR_EXPORT_REAL	REAL_24_06	USADA
F-0013	csv	P1_EVENT_System7045_ServiceCreation-2026-06-23T12_00_00Z-2026-06-24T12_00_00Z-C.364907172793f8c7.csv	05_LOGS\Validas\Prueba_24_06_2026\P1_EVENT_System7045_ServiceCreation-2026-06-23T12_00_00Z-2026-06-24T12_00_00Z-C.364907172793f8c7.csv	2026-06-24T13:13:44.520Z	6741	374bacbcd940d0fd560210661294d818227fdbf1b042f9ed9c4b2ee3d7b8a538	VR_EXPORT_REAL	REAL_24_06	USADA
F-0014	csv	P1_EVENT_TEC009_Sysmon_Context-2026-06-23T12_00_00Z-2026-06-24T12_00_00Z-C.364907172793f8c7.csv	05_LOGS\Validas\Prueba_24_06_2026\P1_EVENT_TEC009_Sysmon_Context-2026-06-23T12_00_00Z-2026-06-24T12_00_00Z-C.364907172793f8c7.csv	2026-06-24T13:13:40.421Z	24196	3b93d7bc63540612e14188dbe5fa3719b6b9f362740a0c113de51dea872dd85b	VR_EXPORT_REAL	REAL_24_06	USADA
F-0015	csv	TEC001_PowerShell_4104-2026-06-23T12_00_00Z-2026-06-24T12_00_00Z-C.364907172793f8c7.csv	05_LOGS\Validas\Prueba_24_06_2026\TEC001_PowerShell_4104-2026-06-23T12_00_00Z-2026-06-24T12_00_00Z-C.364907172793f8c7.csv	2026-06-24T13:13:09.738Z	51232	0f1cdeb9dc915aebcbe39e2ad4e604d16d86fe1cab25290615c1f58e80cf71ca	VR_EXPORT_REAL	REAL_24_06	USADA
F-0016	csv	TEC002_CMD_Sysmon-2026-06-23T12_00_00Z-2026-06-24T12_00_00Z-C.364907172793f8c7.csv	05_LOGS\Validas\Prueba_24_06_2026\TEC002_CMD_Sysmon-2026-06-23T12_00_00Z-2026-06-24T12_00_00Z-C.364907172793f8c7.csv	2026-06-24T13:13:03.513Z	340408	fdfe7eaa3abc3525fba19424cdaec9b9afd5293f46c06d1157a4a482c54b0791	VR_EXPORT_REAL	REAL_24_06	USADA
F-0017	csv	TEC003_ScheduledTask_Sysmon-2026-06-23T12_00_00Z-2026-06-24T12_00_00Z-C.364907172793f8c7.csv	05_LOGS\Validas\Prueba_24_06_2026\TEC003_ScheduledTask_Sysmon-2026-06-23T12_00_00Z-2026-06-24T12_00_00Z-C.364907172793f8c7.csv	2026-06-24T13:12:55.669Z	99403	43bc59ee0e2214dfa29d4173376cf7a281e75140984fd445d27cd69c3ab76bb5	VR_EXPORT_REAL	REAL_24_06	USADA
F-0018	csv	TEC004_RunKey_Sysmon-2026-06-23T12_00_00Z-2026-06-24T12_00_00Z-C.364907172793f8c7.csv	05_LOGS\Validas\Prueba_24_06_2026\TEC004_RunKey_Sysmon-2026-06-23T12_00_00Z-2026-06-24T12_00_00Z-C.364907172793f8c7.csv	2026-06-24T13:12:47.219Z	65105	1a031c18892f5dcd1e47fa84356c59335205ce6b885ee3b8080cf1de49533fae	VR_EXPORT_REAL	REAL_24_06	USADA
F-0019	csv	TEC005_Service_System7045-2026-06-23T12_00_00Z-2026-06-24T12_00_00Z-C.364907172793f8c7.csv	05_LOGS\Validas\Prueba_24_06_2026\TEC005_Service_System7045-2026-06-23T12_00_00Z-2026-06-24T12_00_00Z-C.364907172793f8c7.csv	2026-06-24T13:12:39.065Z	7267	96611b8558e564ab81e618605401d88cd35fef5762499dfc07802fffb0d4848e	VR_EXPORT_REAL	REAL_24_06	USADA
F-0020	csv	TEC006_SecuritySoftwareDiscovery_4104-2026-06-23T12_00_00Z-2026-06-24T12_00_00Z-C.364907172793f8c7.csv	05_LOGS\Validas\Prueba_24_06_2026\TEC006_SecuritySoftwareDiscovery_4104-2026-06-23T12_00_00Z-2026-06-24T12_00_00Z-C.364907172793f8c7.csv	2026-06-24T13:12:30.433Z	504925	8f8b37689e97b34d4df08666e7ad5f105c04e926d26be5eccc28cb4aadf10e10	VR_EXPORT_REAL	REAL_24_06	USADA
F-0021	csv	TEC006_SecuritySoftwareDiscovery_Sysmon-2026-06-23T12_00_00Z-2026-06-24T12_00_00Z-C.364907172793f8c7.csv	05_LOGS\Validas\Prueba_24_06_2026\TEC006_SecuritySoftwareDiscovery_Sysmon-2026-06-23T12_00_00Z-2026-06-24T12_00_00Z-C.364907172793f8c7.csv	2026-06-24T13:12:20.565Z	103622	e1aa97ac8149ba6326b767f36cf18a1f8d178292f9d821c294b12d2264118aed	VR_EXPORT_REAL	REAL_24_06	USADA
F-0022	csv	TEC007_DataEncryptedForImpact_4104-2026-06-23T12_00_00Z-2026-06-24T12_00_00Z-C.364907172793f8c7.csv	05_LOGS\Validas\Prueba_24_06_2026\TEC007_DataEncryptedForImpact_4104-2026-06-23T12_00_00Z-2026-06-24T12_00_00Z-C.364907172793f8c7.csv	2026-06-24T13:12:12.409Z	62595	4e35ad573580e4a3bf9beda0ab7a1789674dcbf914a4f2deefebc66e6a782fc1	VR_EXPORT_REAL	REAL_24_06	USADA
F-0023	csv	TEC008_DataDestruction_4104-2026-06-23T12_00_00Z-2026-06-24T12_00_00Z-C.364907172793f8c7.csv	05_LOGS\Validas\Prueba_24_06_2026\TEC008_DataDestruction_4104-2026-06-23T12_00_00Z-2026-06-24T12_00_00Z-C.364907172793f8c7.csv	2026-06-24T13:12:02.704Z	5870	ffb06a2c3b7a2f38f0efbd78413abc7f843f9560f9b571b563f7b80a3a7b9408	VR_EXPORT_REAL	REAL_24_06	USADA
F-0024	csv	TEC009_HTTP_Network_Sysmon_Context-2026-06-23T12_00_00Z-2026-06-24T12_00_00Z-C.364907172793f8c7.csv	05_LOGS\Validas\Prueba_24_06_2026\TEC009_HTTP_Network_Sysmon_Context-2026-06-23T12_00_00Z-2026-06-24T12_00_00Z-C.364907172793f8c7.csv	2026-06-24T13:11:49.259Z	25142	71fe4c9b526ea119351fb77b12798d7959b7ca5a1a9c896b6d61d057aa9a417a	VR_EXPORT_REAL	REAL_24_06	USADA
F-0025	csv	TEC009_HTTP_Upload_Sysmon_Process_Context-2026-06-23T12_00_00Z-2026-06-24T12_00_00Z-C.364907172793f8c7.csv	05_LOGS\Validas\Prueba_24_06_2026\TEC009_HTTP_Upload_Sysmon_Process_Context-2026-06-23T12_00_00Z-2026-06-24T12_00_00Z-C.364907172793f8c7.csv	2026-06-24T13:11:40.559Z	21266	b04b04dc6284948084b0f082a98ae4d75c5dd7d3fa87b8b6b328231965015094	VR_EXPORT_REAL	REAL_24_06	USADA
F-0026	csv	TEC009_HTTP_ZIP_Upload_4104-2026-06-23T12_00_00Z-2026-06-24T12_00_00Z-C.364907172793f8c7.csv	05_LOGS\Validas\Prueba_24_06_2026\TEC009_HTTP_ZIP_Upload_4104-2026-06-23T12_00_00Z-2026-06-24T12_00_00Z-C.364907172793f8c7.csv	2026-06-24T13:11:31.436Z	6725	f3d5ee4723154259f28ded244c6bd5ce2c9f8bc1f218a467b66194fc4397c497	VR_EXPORT_REAL	REAL_24_06	USADA
F-0027	log	TFM_TEC_Run_CANDIDATE_v5_20260624_145022.log	05_LOGS\Validas\Prueba_24_06_2026\TFM_TEC_Run_CANDIDATE_v5_20260624_145022.log	2026-06-24T12:55:56.676Z	56971	f49933e7959f8d4789a15e2692a88b0dbdfa932d1697a7ac9f5fc5755f94b487	VR_EXPORT_REAL	REAL_24_06	USADA
F-0028	csv	TFM_TEC_Run_CANDIDATE_v5_20260624_145022_summary.csv	05_LOGS\Validas\Prueba_24_06_2026\TFM_TEC_Run_CANDIDATE_v5_20260624_145022_summary.csv	2026-06-24T12:55:56.558Z	27943	c5a62847044991f0d6d89bb102a2dd8a1dead6f36f3cfccd42331577e5e507db	REAL_SUMMARY	REAL_24_06	USADA
F-0029	json	TFM_TEC_Run_CANDIDATE_v5_20260624_145022_summary.json	05_LOGS\Validas\Prueba_24_06_2026\TFM_TEC_Run_CANDIDATE_v5_20260624_145022_summary.json	2026-06-24T12:55:56.429Z	63887	6f3101cd2588fd0cd21ec35c7b9dd0613fb71eb3194a26b0f1428000c992aa23	REAL_SUMMARY	REAL_24_06	USADA
F-0030	txt	TFM_TEC_Run_CANDIDATE_v5_20260624_145022_summary.txt	05_LOGS\Validas\Prueba_24_06_2026\TFM_TEC_Run_CANDIDATE_v5_20260624_145022_summary.txt	2026-06-24T12:55:56.558Z	33063	a845d46c8d8d9b55577ea4acd7f86faa3cc78c5d0d7ac728fc7350a84f394f97	REAL_SUMMARY	REAL_24_06	USADA
F-0031	csv	CU001_Source_TEC001_PowerShell_Basic-2026-06-25T12_00_00Z-2026-06-26T12_00_00Z-C.364907172793f8c7.csv	05_LOGS\Validas\Prueba_24_06_2026_FP\CU001_Source_TEC001_PowerShell_Basic-2026-06-25T12_00_00Z-2026-06-26T12_00_00Z-C.364907172793f8c7.csv	2026-06-26T08:27:23.362Z	727298	6209f8982dccc5e55d9e35692ca15b7753539ba55717137ef0a07cc77faf2161	VR_EXPORT_FP_OR_MIXED	FP_26_06	USADA
F-0032	csv	CU002_Source_TEC002_CMD_Basic-2026-06-25T12_00_00Z-2026-06-26T12_00_00Z-C.364907172793f8c7.csv	05_LOGS\Validas\Prueba_24_06_2026_FP\CU002_Source_TEC002_CMD_Basic-2026-06-25T12_00_00Z-2026-06-26T12_00_00Z-C.364907172793f8c7.csv	2026-06-26T08:27:16.928Z	1105413	a476fb1224ba30cff5c4995a2fdff739e538d0498a56b7ccff9c07bf3ccfc6fc	VR_EXPORT_FP_OR_MIXED	FP_26_06	USADA
F-0033	csv	CU003_Source_TEC003_ScheduledTask_Basic-2026-06-25T12_00_00Z-2026-06-26T12_00_00Z-C.364907172793f8c7.csv	05_LOGS\Validas\Prueba_24_06_2026_FP\CU003_Source_TEC003_ScheduledTask_Basic-2026-06-25T12_00_00Z-2026-06-26T12_00_00Z-C.364907172793f8c7.csv	2026-06-26T08:27:09.445Z	183853	63f50d0783b8bb5b0d39c27ddd7155468a0a362fac7b248b727eb3d4e70bb1a3	VR_EXPORT_FP_OR_MIXED	FP_26_06	USADA
F-0034	csv	CU004_Source_TEC004_RunKeys_Basic-2026-06-25T12_00_00Z-2026-06-26T12_00_00Z-C.364907172793f8c7.csv	05_LOGS\Validas\Prueba_24_06_2026_FP\CU004_Source_TEC004_RunKeys_Basic-2026-06-25T12_00_00Z-2026-06-26T12_00_00Z-C.364907172793f8c7.csv	2026-06-26T08:26:59.884Z	109823	82c0ced7c28bce1a79193d50c8d0233d24570d81ba369a208bc0acbcdc612f6c	VR_EXPORT_FP_OR_MIXED	FP_26_06	USADA
F-0035	csv	CU005_Source_TEC005_ServiceCreation_7045-2026-06-23T12_00_00Z-2026-06-24T12_00_00Z-C.364907172793f8c7 (1).csv	05_LOGS\Validas\Prueba_24_06_2026_FP\CU005_Source_TEC005_ServiceCreation_7045-2026-06-23T12_00_00Z-2026-06-24T12_00_00Z-C.364907172793f8c7 (1).csv	2026-06-26T08:26:43.352Z	5994	f1db189f4d39fd8fe04d60d41c8b1ddc6033d086f91843410f27e635535cd08d	VR_EXPORT_FP_OR_MIXED	FP_26_06	USADA
F-0036	csv	Forensic_EVENT_PowerShell4104_Strong_By_Technique-2026-06-25T12_00_00Z-2026-06-26T12_00_00Z-C.364907172793f8c7.csv	05_LOGS\Validas\Prueba_24_06_2026_FP\Forensic_EVENT_PowerShell4104_Strong_By_Technique-2026-06-25T12_00_00Z-2026-06-26T12_00_00Z-C.364907172793f8c7.csv	2026-06-26T08:29:15.539Z	2150349	f41d915a54e28185fa34d12876f6263b29f10eb4af04cbb24b0001187f0a07eb	VR_EXPORT_FP_OR_MIXED	FP_26_06	USADA
F-0037	csv	Forensic_EVENT_Sysmon_ID1_Process_By_Technique-2026-06-25T12_00_00Z-2026-06-26T12_00_00Z-C.364907172793f8c7.csv	05_LOGS\Validas\Prueba_24_06_2026_FP\Forensic_EVENT_Sysmon_ID1_Process_By_Technique-2026-06-25T12_00_00Z-2026-06-26T12_00_00Z-C.364907172793f8c7.csv	2026-06-26T08:29:06.588Z	3792751	7c67ab9be20a1b6bbcf3f331299368aa89f8f539199bdc058846495d37e6220f	VR_EXPORT_FP_OR_MIXED	FP_26_06	USADA
F-0038	csv	Forensic_EVENT_System_7045_ServiceCreation-2026-06-23T12_00_00Z-2026-06-24T12_00_00Z-C.364907172793f8c7.csv	05_LOGS\Validas\Prueba_24_06_2026_FP\Forensic_EVENT_System_7045_ServiceCreation-2026-06-23T12_00_00Z-2026-06-24T12_00_00Z-C.364907172793f8c7.csv	2026-06-26T08:28:49.494Z	13210	3178d1ca03d5dbc7fb5c93a888bbabce7770ef03a49a6b3a25950e068133ed8a	VR_EXPORT_FP_OR_MIXED	FP_26_06	USADA
F-0039	csv	P1_EVENT_TEC009_Sysmon_Context-2026-06-23T12_00_00Z-2026-06-24T12_00_00Z-C.364907172793f8c7.csv	05_LOGS\Validas\Prueba_24_06_2026_FP\P1_EVENT_TEC009_Sysmon_Context-2026-06-23T12_00_00Z-2026-06-24T12_00_00Z-C.364907172793f8c7.csv	2026-06-26T08:29:21.754Z	20182	8cc402c503a5e5ff30e48b8a2b6c4517a12864856f5bc2f3d78e235a4b2fbea2	VR_EXPORT_FP_OR_MIXED	FP_26_06	USADA
F-0040	csv	TEC001_PowerShell_4104-2026-06-23T12_00_00Z-2026-06-24T12_00_00Z-C.364907172793f8c7.csv	05_LOGS\Validas\Prueba_24_06_2026_FP\TEC001_PowerShell_4104-2026-06-23T12_00_00Z-2026-06-24T12_00_00Z-C.364907172793f8c7.csv	2026-06-26T08:28:42.258Z	38327	16b2e47c233015a10b38ca718c199dffdd21bd23b3f8c34a7cd7608412871b60	VR_EXPORT_FP_OR_MIXED	FP_26_06	USADA
F-0041	csv	TEC002_CMD_Sysmon-2026-06-25T12_00_00Z-2026-06-26T12_00_00Z-C.364907172793f8c7.csv	05_LOGS\Validas\Prueba_24_06_2026_FP\TEC002_CMD_Sysmon-2026-06-25T12_00_00Z-2026-06-26T12_00_00Z-C.364907172793f8c7.csv	2026-06-26T08:28:35.370Z	302290	4b61702181fe74b1e1fe4bb6fd4ea4392bf722477f8bdec2ba605e6e24283e40	VR_EXPORT_FP_OR_MIXED	FP_26_06	USADA
F-0042	csv	TEC003_ScheduledTask_Sysmon-2026-06-25T12_00_00Z-2026-06-26T12_00_00Z-C.364907172793f8c7.csv	05_LOGS\Validas\Prueba_24_06_2026_FP\TEC003_ScheduledTask_Sysmon-2026-06-25T12_00_00Z-2026-06-26T12_00_00Z-C.364907172793f8c7.csv	2026-06-26T08:28:28.535Z	104276	0887e09789d8443b915ef3caf92c71bfbfaa18bf623e5337ea01a11ed13ecb30	VR_EXPORT_FP_OR_MIXED	FP_26_06	USADA
F-0043	csv	TEC004_RunKey_Sysmon-2026-06-25T12_00_00Z-2026-06-26T12_00_00Z-C.364907172793f8c7.csv	05_LOGS\Validas\Prueba_24_06_2026_FP\TEC004_RunKey_Sysmon-2026-06-25T12_00_00Z-2026-06-26T12_00_00Z-C.364907172793f8c7.csv	2026-06-26T08:28:22.002Z	63017	0347e694e8b96da8090022cde721465493c326dac3ad3db323174ebe1223308b	VR_EXPORT_FP_OR_MIXED	FP_26_06	USADA
F-0044	csv	TEC005_Service_System7045-2026-06-23T12_00_00Z-2026-06-24T12_00_00Z-C.364907172793f8c7.csv	05_LOGS\Validas\Prueba_24_06_2026_FP\TEC005_Service_System7045-2026-06-23T12_00_00Z-2026-06-24T12_00_00Z-C.364907172793f8c7.csv	2026-06-26T08:28:06.549Z	4872	d5f76f69ffb420c3080a4073ee630acebd51634e1c4b51d7f117e218a7d47014	VR_EXPORT_FP_OR_MIXED	FP_26_06	USADA
F-0045	csv	TEC006_SecuritySoftwareDiscovery_4104-2026-06-25T12_00_00Z-2026-06-26T12_00_00Z-C.364907172793f8c7.csv	05_LOGS\Validas\Prueba_24_06_2026_FP\TEC006_SecuritySoftwareDiscovery_4104-2026-06-25T12_00_00Z-2026-06-26T12_00_00Z-C.364907172793f8c7.csv	2026-06-26T08:28:01.291Z	659538	78074bd7a67641a078744b495039dadef194876990e02455d47c78c370397b4d	VR_EXPORT_FP_OR_MIXED	FP_26_06	USADA
F-0046	csv	TEC006_SecuritySoftwareDiscovery_Sysmon-2026-06-25T12_00_00Z-2026-06-26T12_00_00Z-C.364907172793f8c7.csv	05_LOGS\Validas\Prueba_24_06_2026_FP\TEC006_SecuritySoftwareDiscovery_Sysmon-2026-06-25T12_00_00Z-2026-06-26T12_00_00Z-C.364907172793f8c7.csv	2026-06-26T08:27:56.574Z	90936	0e24c0235f851353ec2f10e20b4be09abcd2b25462f52f2c2ed9963536233c3e	VR_EXPORT_FP_OR_MIXED	FP_26_06	USADA
F-0047	csv	TEC007_DataEncryptedForImpact_4104-2026-06-23T12_00_00Z-2026-06-24T12_00_00Z-C.364907172793f8c7.csv	05_LOGS\Validas\Prueba_24_06_2026_FP\TEC007_DataEncryptedForImpact_4104-2026-06-23T12_00_00Z-2026-06-24T12_00_00Z-C.364907172793f8c7.csv	2026-06-26T08:27:50.638Z	37632	fca339ee5adf9c38057098e2592ba17efa100a2e1bd867b94e03600b0e24e26d	VR_EXPORT_FP_OR_MIXED	FP_26_06	USADA
F-0048	csv	TEC008_DataDestruction_4104-2026-06-23T12_00_00Z-2026-06-24T12_00_00Z-C.364907172793f8c7.csv	05_LOGS\Validas\Prueba_24_06_2026_FP\TEC008_DataDestruction_4104-2026-06-23T12_00_00Z-2026-06-24T12_00_00Z-C.364907172793f8c7.csv	2026-06-26T08:27:46.280Z	5052	c06962f14617229acf814008d11ba854de690bcdf90d6c39a6c5699fbbab7b0d	VR_EXPORT_FP_OR_MIXED	FP_26_06	USADA
F-0049	csv	TEC009_HTTP_Network_Sysmon_Context-2026-06-23T12_00_00Z-2026-06-24T12_00_00Z-C.364907172793f8c7.csv	05_LOGS\Validas\Prueba_24_06_2026_FP\TEC009_HTTP_Network_Sysmon_Context-2026-06-23T12_00_00Z-2026-06-24T12_00_00Z-C.364907172793f8c7.csv	2026-06-26T08:27:41.081Z	20982	f5721b515315bb19ab70b4a3d479dd55cc50ecb79e5533dd1bda2b357ada5505	VR_EXPORT_FP_OR_MIXED	FP_26_06	USADA
F-0050	csv	TEC009_HTTP_Upload_Sysmon_Process_Context-2026-06-25T12_00_00Z-2026-06-26T12_00_00Z-C.364907172793f8c7.csv	05_LOGS\Validas\Prueba_24_06_2026_FP\TEC009_HTTP_Upload_Sysmon_Process_Context-2026-06-25T12_00_00Z-2026-06-26T12_00_00Z-C.364907172793f8c7.csv	2026-06-26T08:27:36.643Z	20018	037619d8fd98e3bdd84fd0b8798b6a5d9d707aa9330837a8f7e407e4383a2ca8	VR_EXPORT_FP_OR_MIXED	FP_26_06	USADA
F-0051	csv	TEC009_HTTP_ZIP_Upload_4104-2026-06-23T12_00_00Z-2026-06-24T12_00_00Z-C.364907172793f8c7.csv	05_LOGS\Validas\Prueba_24_06_2026_FP\TEC009_HTTP_ZIP_Upload_4104-2026-06-23T12_00_00Z-2026-06-24T12_00_00Z-C.364907172793f8c7.csv	2026-06-26T08:27:31.375Z	5483	6252188da721463697e23909f76fefac40b23e8b8599360b516a9654f5ca9331	VR_EXPORT_FP_OR_MIXED	FP_26_06	USADA
F-0052	log	TFM_FP_20260626_101948.log	05_LOGS\Validas\Prueba_24_06_2026_FP\TFM_FP_20260626_101948.log	2026-06-26T08:20:18.426Z	2006	96c8560ecb781423742f7b2d1509ce4ee110f97f8e5aa628e4d97bd3fc0a4f0c	VR_EXPORT_FP_OR_MIXED	FP_26_06	USADA
F-0053	csv	TFM_FP_20260626_101948_summary.csv	05_LOGS\Validas\Prueba_24_06_2026_FP\TFM_FP_20260626_101948_summary.csv	2026-06-26T08:20:18.117Z	2944	dc70b5f21ef301c149d8e32631280037be90880081412c17bcb254a4395b3121	FP_SUMMARY	FP_26_06	USADA
F-0054	json	TFM_FP_20260626_101948_summary.json	05_LOGS\Validas\Prueba_24_06_2026_FP\TFM_FP_20260626_101948_summary.json	2026-06-26T08:20:18.252Z	9214	1e737e49db7b7c801806dc8074f94f1ad55e12b036ae52923828671ce06d775d	FP_SUMMARY	FP_26_06	USADA
F-0055	txt	TFM_FP_20260626_101948_summary.txt	05_LOGS\Validas\Prueba_24_06_2026_FP\TFM_FP_20260626_101948_summary.txt	2026-06-26T08:20:18.354Z	1827	4e2e0bb00d944938a8613532e85bc43e3090e92033cff316bf9389a98c838a5c	FP_SUMMARY	FP_26_06	USADA
F-0056	csv	TFM_FP_20260626_101948_vr_hits.csv	05_LOGS\Validas\Prueba_24_06_2026_FP\TFM_FP_20260626_101948_vr_hits.csv	2026-06-26T08:20:18.117Z	145	6d712fcc2666acdc903fdb17c78d607f811a629d3b5360e63a49639e6dbf32cc	FP_HITS	FP_26_06	USADA
F-0057	txt	TFM_FP_20260626_101948_vr_hits.txt	05_LOGS\Validas\Prueba_24_06_2026_FP\TFM_FP_20260626_101948_vr_hits.txt	2026-06-26T08:20:18.359Z	80	2c03d8c28d8ef849d68e019713cf59397ecdabd3fdef0a656ac3d7b816a0145d	FP_HITS	FP_26_06	USADA
F-0058	txt	fp_end_local.txt	05_LOGS\Validas\Prueba_24_06_2026_FP\VR_FP_HTTP_LOCAL_CLEAN_20260626_101945\fp_end_local.txt	2026-06-26T08:20:24.116Z	92	20e9677c184f158755385515bc5dd848e788344e10b60a2467e8f3bd12ed6901	VR_EXPORT_FP_OR_MIXED	FP_26_06	USADA
F-0059	txt	fp_start_local.txt	05_LOGS\Validas\Prueba_24_06_2026_FP\VR_FP_HTTP_LOCAL_CLEAN_20260626_101945\fp_start_local.txt	2026-06-26T08:19:45.455Z	92	d5c71ed0cee9ffcdb4148d90623b98bdd3abb14a5941bca79eaba7b6fbf14c92	VR_EXPORT_FP_OR_MIXED	FP_26_06	USADA
F-0060	log	TFM_FP_20260626_101948.log	05_LOGS\Validas\Prueba_24_06_2026_FP\VR_FP_HTTP_LOCAL_CLEAN_20260626_101945\runner_fp_outputs\TFM_FP_20260626_101948.log	2026-06-26T08:20:18.426Z	2006	96c8560ecb781423742f7b2d1509ce4ee110f97f8e5aa628e4d97bd3fc0a4f0c	VR_EXPORT_FP_OR_MIXED	FP_26_06	USADA
F-0061	csv	TFM_FP_20260626_101948_summary.csv	05_LOGS\Validas\Prueba_24_06_2026_FP\VR_FP_HTTP_LOCAL_CLEAN_20260626_101945\runner_fp_outputs\TFM_FP_20260626_101948_summary.csv	2026-06-26T08:20:18.117Z	2944	dc70b5f21ef301c149d8e32631280037be90880081412c17bcb254a4395b3121	FP_SUMMARY	FP_26_06	USADA
F-0062	json	TFM_FP_20260626_101948_summary.json	05_LOGS\Validas\Prueba_24_06_2026_FP\VR_FP_HTTP_LOCAL_CLEAN_20260626_101945\runner_fp_outputs\TFM_FP_20260626_101948_summary.json	2026-06-26T08:20:18.252Z	9214	1e737e49db7b7c801806dc8074f94f1ad55e12b036ae52923828671ce06d775d	FP_SUMMARY	FP_26_06	USADA
F-0063	txt	TFM_FP_20260626_101948_summary.txt	05_LOGS\Validas\Prueba_24_06_2026_FP\VR_FP_HTTP_LOCAL_CLEAN_20260626_101945\runner_fp_outputs\TFM_FP_20260626_101948_summary.txt	2026-06-26T08:20:18.354Z	1827	4e2e0bb00d944938a8613532e85bc43e3090e92033cff316bf9389a98c838a5c	FP_SUMMARY	FP_26_06	USADA
F-0064	csv	TFM_FP_20260626_101948_vr_hits.csv	05_LOGS\Validas\Prueba_24_06_2026_FP\VR_FP_HTTP_LOCAL_CLEAN_20260626_101945\runner_fp_outputs\TFM_FP_20260626_101948_vr_hits.csv	2026-06-26T08:20:18.117Z	145	6d712fcc2666acdc903fdb17c78d607f811a629d3b5360e63a49639e6dbf32cc	FP_HITS	FP_26_06	USADA
F-0065	txt	TFM_FP_20260626_101948_vr_hits.txt	05_LOGS\Validas\Prueba_24_06_2026_FP\VR_FP_HTTP_LOCAL_CLEAN_20260626_101945\runner_fp_outputs\TFM_FP_20260626_101948_vr_hits.txt	2026-06-26T08:20:18.359Z	80	2c03d8c28d8ef849d68e019713cf59397ecdabd3fdef0a656ac3d7b816a0145d	FP_HITS	FP_26_06	USADA
F-0066	jsonl	soc_alerts_fp_http_local_clean.jsonl	05_LOGS\Validas\Prueba_24_06_2026_FP\VR_FP_HTTP_LOCAL_CLEAN_20260626_101945\soc_alerts_fp_http_local_clean.jsonl	2026-06-24T13:24:54.571Z	0	e3b0c44298fc1c149afbf4c8996fb92427ae41e4649b934ca495991b7852b855	VR_EXPORT_FP_OR_MIXED	FP_26_06	USADA
F-0067	txt	base_custom_rule_check_110xxx.txt	10_WAZUH\TFM_WAZUH_VISIBILIDAD_EVIDENCE\ENTREGA_WAZUH_VISIBILIDAD_20260622_114027\base\base_custom_rule_check_110xxx.txt	2026-06-22T11:40:35.000Z	0	e3b0c44298fc1c149afbf4c8996fb92427ae41e4649b934ca495991b7852b855	WAZUH_EVIDENCE	WAZUH	USADA
F-0068	txt	end_utc.txt	10_WAZUH\TFM_WAZUH_VISIBILIDAD_EVIDENCE\ENTREGA_WAZUH_VISIBILIDAD_20260622_114027\base\end_utc.txt	2026-06-22T11:40:31.000Z	21	cad3c3ae35884cebba84bb9f421ce3c704bc872ae2cb81cdde53b6e740dd9f42	WAZUH_EVIDENCE	WAZUH	USADA
F-0069	txt	start_utc.txt	10_WAZUH\TFM_WAZUH_VISIBILIDAD_EVIDENCE\ENTREGA_WAZUH_VISIBILIDAD_20260622_114027\base\start_utc.txt	2026-06-22T11:40:31.000Z	21	b526a6d767a63c0a2f0ba277250567529b3cdfdead7b7863684e8da7ecd7653d	WAZUH_EVIDENCE	WAZUH	USADA
F-0070	jsonl	wazuh_base_alerts_delta.jsonl	10_WAZUH\TFM_WAZUH_VISIBILIDAD_EVIDENCE\ENTREGA_WAZUH_VISIBILIDAD_20260622_114027\base\wazuh_base_alerts_delta.jsonl	2026-06-22T11:40:31.000Z	160796	fe8b4125b868bacb2b44490490dd2681fd7b60a9fa80a39a678bf18d4a461517	WAZUH_EVIDENCE	WAZUH	USADA
F-0071	jsonl	wazuh_base_alerts_filtered.jsonl	10_WAZUH\TFM_WAZUH_VISIBILIDAD_EVIDENCE\ENTREGA_WAZUH_VISIBILIDAD_20260622_114027\base\wazuh_base_alerts_filtered.jsonl	2026-06-22T11:40:34.000Z	158062	0d94b49654c09ad054b3ca3b8cf96ad29fddfdc4ab38246802de7b54d537ea72	WAZUH_EVIDENCE	WAZUH	USADA
F-0072	jsonl	wazuh_base_archives_delta.jsonl	10_WAZUH\TFM_WAZUH_VISIBILIDAD_EVIDENCE\ENTREGA_WAZUH_VISIBILIDAD_20260622_114027\base\wazuh_base_archives_delta.jsonl	2026-06-22T11:40:31.000Z	2614459	d678b4cb78cd9c3a0615de98ef525c4d3d3ddff941ea68263366c6215df48d5b	WAZUH_EVIDENCE	WAZUH	USADA
F-0073	txt	wazuh_base_summary.txt	10_WAZUH\TFM_WAZUH_VISIBILIDAD_EVIDENCE\ENTREGA_WAZUH_VISIBILIDAD_20260622_114027\base\wazuh_base_summary.txt	2026-06-22T11:40:31.000Z	452	2096641c367ead69ccdbabe6e03b48783471cfbbbedd11bff19d14c0b1378840	WAZUH_EVIDENCE	WAZUH	USADA
F-0074	jsonl	wazuh_base_visibility_filtered.jsonl	10_WAZUH\TFM_WAZUH_VISIBILIDAD_EVIDENCE\ENTREGA_WAZUH_VISIBILIDAD_20260622_114027\base\wazuh_base_visibility_filtered.jsonl	2026-06-22T11:40:34.000Z	2246530	951b91b743d29e0ea1d7f10fcff1b2674b8faad8013c9b4af358b807f13bfd0c	WAZUH_EVIDENCE	WAZUH	USADA
F-0075	txt	status_wazuh_dashboard.txt	10_WAZUH\TFM_WAZUH_VISIBILIDAD_EVIDENCE\ENTREGA_WAZUH_VISIBILIDAD_20260622_114027\checks\status_wazuh_dashboard.txt	2026-06-22T11:41:13.000Z	13317	ca7a12124d2d6275c1588fc4a29ef8bcdb88a9111b576dc2e116b0ec269aad02	WAZUH_EVIDENCE	WAZUH	USADA
F-0076	txt	status_wazuh_indexer.txt	10_WAZUH\TFM_WAZUH_VISIBILIDAD_EVIDENCE\ENTREGA_WAZUH_VISIBILIDAD_20260622_114027\checks\status_wazuh_indexer.txt	2026-06-22T11:41:12.000Z	3463	085cefa87e935d7a62fa40936110d0ac16e030008a0337e707e7257413237bfd	WAZUH_EVIDENCE	WAZUH	USADA
F-0077	txt	status_wazuh_manager.txt	10_WAZUH\TFM_WAZUH_VISIBILIDAD_EVIDENCE\ENTREGA_WAZUH_VISIBILIDAD_20260622_114027\checks\status_wazuh_manager.txt	2026-06-22T11:41:12.000Z	2221	55b34e0e20e2bf4749a5aaa8526e97e1e4d4b9a026da2babbb8eafe0471b8671	WAZUH_EVIDENCE	WAZUH	USADA
F-0078	txt	wazuh_agents.txt	10_WAZUH\TFM_WAZUH_VISIBILIDAD_EVIDENCE\ENTREGA_WAZUH_VISIBILIDAD_20260622_114027\checks\wazuh_agents.txt	2026-06-22T11:41:12.000Z	179	7ed2f887a18cdbb41240d3b53ce421583a0e70f3ebe965921b648ecfc8f70ee6	WAZUH_EVIDENCE	WAZUH	USADA
F-0079	txt	wazuh_analysisd_test.txt	10_WAZUH\TFM_WAZUH_VISIBILIDAD_EVIDENCE\ENTREGA_WAZUH_VISIBILIDAD_20260622_114027\checks\wazuh_analysisd_test.txt	2026-06-22T11:41:11.000Z	0	e3b0c44298fc1c149afbf4c8996fb92427ae41e4649b934ca495991b7852b855	WAZUH_EVIDENCE	WAZUH	USADA
F-0080	conf	ossec_manager.conf	10_WAZUH\TFM_WAZUH_VISIBILIDAD_EVIDENCE\ENTREGA_WAZUH_VISIBILIDAD_20260622_114027\config\ossec_manager.conf	2026-06-22T11:41:05.000Z	9387	547f8312c60f894217a8d7674d526f385e2c40795d1b0f07a8cf5f742fbde8db	WAZUH_EVIDENCE	WAZUH	USADA
F-0081	xml	tfm_wazuh_custom_rules_v2.xml	10_WAZUH\TFM_WAZUH_VISIBILIDAD_EVIDENCE\ENTREGA_WAZUH_VISIBILIDAD_20260622_114027\config\tfm_wazuh_custom_rules_v2.xml	2026-06-22T11:41:05.000Z	3204	735e58c362b6e29cefa12d4abbda4bf9a4bdd671e5f5cd82e76c91796735896e	WAZUH_EVIDENCE	WAZUH	USADA
F-0082	txt	custom_rule_count_110xxx.txt	10_WAZUH\TFM_WAZUH_VISIBILIDAD_EVIDENCE\ENTREGA_WAZUH_VISIBILIDAD_20260622_114027\custom\custom_rule_count_110xxx.txt	2026-06-22T11:40:42.000Z	110	dd652517283322defe461ccff17c04d130e4dd0c137e0f629d4b2f5c3ede848e	WAZUH_EVIDENCE	WAZUH	USADA
F-0083	txt	end_utc.txt	10_WAZUH\TFM_WAZUH_VISIBILIDAD_EVIDENCE\ENTREGA_WAZUH_VISIBILIDAD_20260622_114027\custom\end_utc.txt	2026-06-22T11:40:38.000Z	21	34d79555ff5baa01bdbc8898b8736c72763c68437025b3db79979f59edb5c754	WAZUH_EVIDENCE	WAZUH	USADA
F-0084	txt	rule_110201_count.txt	10_WAZUH\TFM_WAZUH_VISIBILIDAD_EVIDENCE\ENTREGA_WAZUH_VISIBILIDAD_20260622_114027\custom\rule_110201_count.txt	2026-06-22T11:41:00.000Z	2	9a271f2a916b0b6ee6cecb2426f0b3206ef074578be55d9bc94f6f3fe3ab86aa	WAZUH_EVIDENCE	WAZUH	USADA
F-0085	jsonl	sample_rule_110201.jsonl	10_WAZUH\TFM_WAZUH_VISIBILIDAD_EVIDENCE\ENTREGA_WAZUH_VISIBILIDAD_20260622_114027\custom\sample_rule_110201.jsonl	2026-06-22T11:40:49.000Z	0	e3b0c44298fc1c149afbf4c8996fb92427ae41e4649b934ca495991b7852b855	WAZUH_EVIDENCE	WAZUH	USADA
F-0086	jsonl	sample_rule_110202.jsonl	10_WAZUH\TFM_WAZUH_VISIBILIDAD_EVIDENCE\ENTREGA_WAZUH_VISIBILIDAD_20260622_114027\custom\sample_rule_110202.jsonl	2026-06-22T11:40:49.000Z	44660	f9b4aa38cc38b12f5a81b6c8261bfc61ece4ff4a1f8ca4cb248784308b39d364	WAZUH_EVIDENCE	WAZUH	USADA
F-0087	jsonl	sample_rule_110203.jsonl	10_WAZUH\TFM_WAZUH_VISIBILIDAD_EVIDENCE\ENTREGA_WAZUH_VISIBILIDAD_20260622_114027\custom\sample_rule_110203.jsonl	2026-06-22T11:40:49.000Z	30091	0088817d31a72a453cedd0fa52869166d9f975b1541ab91e5d4af4c167b1c6bf	WAZUH_EVIDENCE	WAZUH	USADA
F-0088	jsonl	sample_rule_110301.jsonl	10_WAZUH\TFM_WAZUH_VISIBILIDAD_EVIDENCE\ENTREGA_WAZUH_VISIBILIDAD_20260622_114027\custom\sample_rule_110301.jsonl	2026-06-22T11:40:49.000Z	4922	4af79e43f73dff514759953a16c997f772254d5654b009cf032dd3f942549495	WAZUH_EVIDENCE	WAZUH	USADA
F-0089	jsonl	sample_rule_110402.jsonl	10_WAZUH\TFM_WAZUH_VISIBILIDAD_EVIDENCE\ENTREGA_WAZUH_VISIBILIDAD_20260622_114027\custom\sample_rule_110402.jsonl	2026-06-22T11:40:49.000Z	2785	40a21d2a92e1e6eab796c2276cd7aaca84be041c66097f99ffd0dfc2195228e3	WAZUH_EVIDENCE	WAZUH	USADA
F-0090	jsonl	sample_rule_110501.jsonl	10_WAZUH\TFM_WAZUH_VISIBILIDAD_EVIDENCE\ENTREGA_WAZUH_VISIBILIDAD_20260622_114027\custom\sample_rule_110501.jsonl	2026-06-22T11:40:49.000Z	27971	88282ef731c2591fd20dd21d76f3486b31d7c8db2978f3ac50f3d7b17c3f9f32	WAZUH_EVIDENCE	WAZUH	USADA
F-0091	txt	start_utc.txt	10_WAZUH\TFM_WAZUH_VISIBILIDAD_EVIDENCE\ENTREGA_WAZUH_VISIBILIDAD_20260622_114027\custom\start_utc.txt	2026-06-22T11:40:38.000Z	21	c2203b5b49fc6ed3a601d9c49f1e8c640ddc194dff1814864c8907e53d01747d	WAZUH_EVIDENCE	WAZUH	USADA
F-0092	jsonl	tec009_alert_search_alerts.jsonl	10_WAZUH\TFM_WAZUH_VISIBILIDAD_EVIDENCE\ENTREGA_WAZUH_VISIBILIDAD_20260622_114027\custom\tec009_alert_search_alerts.jsonl	2026-06-22T11:41:00.000Z	57256	07740df76b691f9efd0d8622803443a1e789ad1ba1ef2f3d580bfd2eda13df1f	WAZUH_EVIDENCE	WAZUH	USADA
F-0093	jsonl	tec009_visibility_search_archives.jsonl	10_WAZUH\TFM_WAZUH_VISIBILIDAD_EVIDENCE\ENTREGA_WAZUH_VISIBILIDAD_20260622_114027\custom\tec009_visibility_search_archives.jsonl	2026-06-22T11:41:00.000Z	256357	f2e047e0c483387c966f98bbf6ee53f8fed66c13f5db9346e398c05934301263	WAZUH_EVIDENCE	WAZUH	USADA
F-0094	jsonl	tfm_wazuh_custom_detections_110xxx.jsonl	10_WAZUH\TFM_WAZUH_VISIBILIDAD_EVIDENCE\ENTREGA_WAZUH_VISIBILIDAD_20260622_114027\custom\tfm_wazuh_custom_detections_110xxx.jsonl	2026-06-22T11:40:42.000Z	314214	b095f98cc61f79ac282353a4a1053407766aba5d43776effd1f3c60eb2e82428	WAZUH_EVIDENCE	WAZUH	USADA
F-0095	jsonl	wazuh_custom_alerts_delta.jsonl	10_WAZUH\TFM_WAZUH_VISIBILIDAD_EVIDENCE\ENTREGA_WAZUH_VISIBILIDAD_20260622_114027\custom\wazuh_custom_alerts_delta.jsonl	2026-06-22T11:40:38.000Z	431533	4c1ca23e52964c7752cdb589e0c2caa230d9442ba0b4abd2251d090e6b38e6eb	WAZUH_EVIDENCE	WAZUH	USADA
F-0096	jsonl	wazuh_custom_archives_delta.jsonl	10_WAZUH\TFM_WAZUH_VISIBILIDAD_EVIDENCE\ENTREGA_WAZUH_VISIBILIDAD_20260622_114027\custom\wazuh_custom_archives_delta.jsonl	2026-06-22T11:40:38.000Z	34524261	0408ed851c6cb14c552095fb311fed04aabd7d18620585070f415ad4bfe390cd	WAZUH_EVIDENCE	WAZUH	USADA
F-0097	txt	wazuh_custom_summary.txt	10_WAZUH\TFM_WAZUH_VISIBILIDAD_EVIDENCE\ENTREGA_WAZUH_VISIBILIDAD_20260622_114027\custom\wazuh_custom_summary.txt	2026-06-22T11:40:38.000Z	556	5d3ea8f5436dd71c57ebbffc0a2586da26505f8f7033f298a930e55430684159	WAZUH_EVIDENCE	WAZUH	USADA
F-0098	jsonl	wazuh_custom_visibility_filtered.jsonl	10_WAZUH\TFM_WAZUH_VISIBILIDAD_EVIDENCE\ENTREGA_WAZUH_VISIBILIDAD_20260622_114027\custom\wazuh_custom_visibility_filtered.jsonl	2026-06-22T11:40:42.000Z	34512874	672305c94312344bc55b66c0edcbfd63d871d26d8fa5a0e4c51b93cb95ddce7d	WAZUH_EVIDENCE	WAZUH	USADA
F-0099	txt	RESUMEN_FINAL_WAZUH_BASE_VS_CUSTOM.txt	10_WAZUH\TFM_WAZUH_VISIBILIDAD_EVIDENCE\ENTREGA_WAZUH_VISIBILIDAD_20260622_114027\RESUMEN_FINAL_WAZUH_BASE_VS_CUSTOM.txt	2026-06-22T11:41:17.000Z	1407	c1484ee2f9a351491d108ccb34281318b81ddc026a987db65fef34a22f51cfd7	WAZUH_EVIDENCE	WAZUH	USADA
F-0100	txt	rutas_campanas.txt	10_WAZUH\TFM_WAZUH_VISIBILIDAD_EVIDENCE\ENTREGA_WAZUH_VISIBILIDAD_20260622_114027\rutas_campanas.txt	2026-06-22T11:40:27.000Z	124	139d998126427f8400c469d5a19158ad35c2dfbec6d86782dd58b801aca388de	WAZUH_EVIDENCE	WAZUH	USADA
F-0101	txt	SHA256SUMS.txt	10_WAZUH\TFM_WAZUH_VISIBILIDAD_EVIDENCE\ENTREGA_WAZUH_VISIBILIDAD_20260622_114027\SHA256SUMS.txt	2026-06-22T11:41:23.000Z	6000	188110f446021692632cf0a71e686f7fa46cfd29d25ddc2700ad13d9bc9b8988	WAZUH_EVIDENCE	WAZUH	USADA
F-0102	sha256	TFM_WAZUH_VISIBILIDAD_EVIDENCE.tar.gz.sha256	10_WAZUH\TFM_WAZUH_VISIBILIDAD_EVIDENCE\TFM_WAZUH_VISIBILIDAD_EVIDENCE.tar.gz.sha256	2026-06-22T11:43:56.700Z	104	5adddce15dfd60258f4f3379efd68192a4cb8d38a7fc81fbcf7e81bdbc808694	WAZUH_EVIDENCE	WAZUH	USADA
F-0103	txt	CLOSED_UTC.txt	04_EVIDENCE\PRUEBAS_CON_ARTIFACTS_PUBLICOS\01_ProcessCreation\CLOSED_UTC.txt	2026-07-12T12:25:29.110Z	30	9B0FBDD61D32CE749BBDFF1B258B18B8D7C8478BC0893D0234E13D7F4F6F0002	PUBLIC_SUPPORT	01_ProcessCreation	USADA
F-0104	txt	FP_end_utc.txt	04_EVIDENCE\PRUEBAS_CON_ARTIFACTS_PUBLICOS\01_ProcessCreation\FP_end_utc.txt	2026-07-12T12:02:15.729Z	30	494AA6439BE9E8E0DBA076EE605CFF8D9E3EE8CA669CDC724822016D78213923	WINDOW_FP	01_ProcessCreation	USADA
F-0105	txt	FP_start_utc.txt	04_EVIDENCE\PRUEBAS_CON_ARTIFACTS_PUBLICOS\01_ProcessCreation\FP_start_utc.txt	2026-07-12T12:01:47.092Z	30	1835A622EE200465D85D8AF890B5BA9E10B6C751763126DB0C138A42BE612A27	WINDOW_FP	01_ProcessCreation	USADA
F-0106	csv	SHA256.csv	04_EVIDENCE\PRUEBAS_CON_ARTIFACTS_PUBLICOS\01_ProcessCreation\SHA256.csv	2026-07-12T12:25:29.380Z	4386	D0F9085B8720D333D7C4656232F06622CD7ECF91277BD1B48BC4D869120A43B8	SOURCE_HASH_MANIFEST	01_ProcessCreation	USADA
F-0107	txt	TEC_end_utc.txt	04_EVIDENCE\PRUEBAS_CON_ARTIFACTS_PUBLICOS\01_ProcessCreation\TEC_end_utc.txt	2026-07-12T11:58:00.230Z	30	067AF1D092C984A6041C44EEA3BD7B2B063E04220CBB60BCD60354D3A75373BE	WINDOW_TEC	01_ProcessCreation	USADA
F-0108	txt	TEC_start_utc.txt	04_EVIDENCE\PRUEBAS_CON_ARTIFACTS_PUBLICOS\01_ProcessCreation\TEC_start_utc.txt	2026-07-12T11:50:43.363Z	30	F3F24FE386A713164118528C1635A3A2075D1160B097FAA3FB01AC3D7AC31927	WINDOW_TEC	01_ProcessCreation	USADA
F-0109	log	TFM_FP_20260712_140147.log	04_EVIDENCE\PRUEBAS_CON_ARTIFACTS_PUBLICOS\01_ProcessCreation\TFM_FP_20260712_140147.log	2026-07-12T12:02:15.344Z	2125	270BC7DE99E3428C6D58A11FF7578043FD56AD92D9CD52480808A5433FAAFDA1	PUBLIC_SUPPORT	01_ProcessCreation	USADA
F-0110	csv	TFM_FP_20260712_140147_summary.csv	04_EVIDENCE\PRUEBAS_CON_ARTIFACTS_PUBLICOS\01_ProcessCreation\TFM_FP_20260712_140147_summary.csv	2026-07-12T12:02:15.181Z	2995	397A98C1E9D0CDB321F25453A76B4DC97971801CB87F6C8351C451B66707FBD9	RUNNER_FP_SUMMARY	01_ProcessCreation	USADA
F-0111	json	TFM_FP_20260712_140147_summary.json	04_EVIDENCE\PRUEBAS_CON_ARTIFACTS_PUBLICOS\01_ProcessCreation\TFM_FP_20260712_140147_summary.json	2026-07-12T12:02:15.225Z	9480	2FD97A90C24F5F285324ED0982C70EBFAAA2C6AAEA5E4985C82A77651639CF70	RUNNER_FP_SUMMARY	01_ProcessCreation	USADA
F-0112	txt	TFM_FP_20260712_140147_summary.txt	04_EVIDENCE\PRUEBAS_CON_ARTIFACTS_PUBLICOS\01_ProcessCreation\TFM_FP_20260712_140147_summary.txt	2026-07-12T12:02:15.296Z	1891	D12253224AF38FC3680ABA6CB9D6C2CE9925FCA9D7D1BCB45DDFED0111306822	RUNNER_FP_SUMMARY	01_ProcessCreation	USADA
F-0113	csv	TFM_FP_20260712_140147_vr_hits.csv	04_EVIDENCE\PRUEBAS_CON_ARTIFACTS_PUBLICOS\01_ProcessCreation\TFM_FP_20260712_140147_vr_hits.csv	2026-07-12T12:02:15.190Z	145	6D712FCC2666ACDC903FDB17C78D607F811A629D3B5360E63A49639E6DBF32CC	FP_HITS_SUPPORT	01_ProcessCreation	USADA
F-0114	txt	TFM_FP_20260712_140147_vr_hits.txt	04_EVIDENCE\PRUEBAS_CON_ARTIFACTS_PUBLICOS\01_ProcessCreation\TFM_FP_20260712_140147_vr_hits.txt	2026-07-12T12:02:15.313Z	80	F5F226D652D85EF04D3FE6F80A9DB403964AE871E1254B6C2FA94258EE69801C	FP_HITS_SUPPORT	01_ProcessCreation	USADA
F-0115	log	TFM_TEC_Run_CANDIDATE_v5_20260712_135043.log	04_EVIDENCE\PRUEBAS_CON_ARTIFACTS_PUBLICOS\01_ProcessCreation\TFM_TEC_Run_CANDIDATE_v5_20260712_135043.log	2026-07-12T11:57:59.295Z	57230	2645590608FB25C8B5BF5FEE96E36E84B55A872668B8D4FC107AE570223B79F6	PUBLIC_SUPPORT	01_ProcessCreation	USADA
F-0116	csv	TFM_TEC_Run_CANDIDATE_v5_20260712_135043_summary.csv	04_EVIDENCE\PRUEBAS_CON_ARTIFACTS_PUBLICOS\01_ProcessCreation\TFM_TEC_Run_CANDIDATE_v5_20260712_135043_summary.csv	2026-07-12T11:57:58.811Z	28204	7490CD81704B027A9014EE649DE57FA9C33B9D4D0DF961DFE893757B4E08575F	RUNNER_TEC_SUMMARY	01_ProcessCreation	USADA
F-0117	json	TFM_TEC_Run_CANDIDATE_v5_20260712_135043_summary.json	04_EVIDENCE\PRUEBAS_CON_ARTIFACTS_PUBLICOS\01_ProcessCreation\TFM_TEC_Run_CANDIDATE_v5_20260712_135043_summary.json	2026-07-12T11:57:58.643Z	64160	E561E1CECAA0077AE99DE008B8CAE3E386EAE5DA90FEDB841E676F92DB530355	RUNNER_TEC_SUMMARY	01_ProcessCreation	USADA
F-0118	txt	TFM_TEC_Run_CANDIDATE_v5_20260712_135043_summary.txt	04_EVIDENCE\PRUEBAS_CON_ARTIFACTS_PUBLICOS\01_ProcessCreation\TFM_TEC_Run_CANDIDATE_v5_20260712_135043_summary.txt	2026-07-12T11:57:58.811Z	33324	9868F253B6FA9C468FF5E8B0FCA31225AD067890638F6A6B9AF864AAC24C1BDA	RUNNER_TEC_SUMMARY	01_ProcessCreation	USADA
F-0119	csv	Windows.Events.ProcessCreation_FP.csv	04_EVIDENCE\PRUEBAS_CON_ARTIFACTS_PUBLICOS\01_ProcessCreation\Windows.Events.ProcessCreation_FP.csv	2026-07-12T12:14:20.841Z	89205	D6617CF8372FCCEBD74239138822F83E3A106C1730661D84C99776714FA017B1	PUBLIC_EXPORT_FP	01_ProcessCreation	USADA
F-0120	json	Windows.Events.ProcessCreation_FP.json	04_EVIDENCE\PRUEBAS_CON_ARTIFACTS_PUBLICOS\01_ProcessCreation\Windows.Events.ProcessCreation_FP.json	2026-07-12T12:14:29.114Z	143980	863A72D901277082157D2E13FF06C417C1FC59EAED02DE60BD0CC72456D1B5DE	PUBLIC_EXPORT_FP	01_ProcessCreation	USADA
F-0121	csv	Windows.Events.ProcessCreation_REAL.csv	04_EVIDENCE\PRUEBAS_CON_ARTIFACTS_PUBLICOS\01_ProcessCreation\Windows.Events.ProcessCreation_REAL.csv	2026-07-12T12:01:16.972Z	77666	0AC92CE526FCE9E2817469A7BBD54819BB2BDAFB447FEADCE06ACA6E73F7976A	PUBLIC_EXPORT_TEC	01_ProcessCreation	USADA
F-0122	json	Windows.Events.ProcessCreation_REAL.json	04_EVIDENCE\PRUEBAS_CON_ARTIFACTS_PUBLICOS\01_ProcessCreation\Windows.Events.ProcessCreation_REAL.json	2026-07-12T12:01:23.676Z	125747	4815AA3BD045E08C4A059AA6C6685C27C2604268A9C6C694CEF8E1415867ACED	PUBLIC_EXPORT_TEC	01_ProcessCreation	USADA
F-0123	csv	Windows.Events.ProcessCreation-2026-07-11T18_17_08Z-2026-07-12T18_17_08Z-C.364907172793f8c7.csv	04_EVIDENCE\PRUEBAS_CON_ARTIFACTS_PUBLICOS\01_ProcessCreation\Windows.Events.ProcessCreation-2026-07-11T18_17_08Z-2026-07-12T18_17_08Z-C.364907172793f8c7.csv	2026-07-12T12:01:16.972Z	77666	0AC92CE526FCE9E2817469A7BBD54819BB2BDAFB447FEADCE06ACA6E73F7976A	PUBLIC_SUPPORT	01_ProcessCreation	USADA
F-0124	json	Windows.Events.ProcessCreation-2026-07-11T18_17_08Z-2026-07-12T18_17_08Z-C.364907172793f8c7.json	04_EVIDENCE\PRUEBAS_CON_ARTIFACTS_PUBLICOS\01_ProcessCreation\Windows.Events.ProcessCreation-2026-07-11T18_17_08Z-2026-07-12T18_17_08Z-C.364907172793f8c7.json	2026-07-12T12:01:23.676Z	125747	4815AA3BD045E08C4A059AA6C6685C27C2604268A9C6C694CEF8E1415867ACED	PUBLIC_SUPPORT	01_ProcessCreation	USADA
F-0125	csv	Windows.Events.ProcessCreation-2026-07-12T11_59_59Z-2026-07-12T12_10_10Z-C.364907172793f8c7.csv	04_EVIDENCE\PRUEBAS_CON_ARTIFACTS_PUBLICOS\01_ProcessCreation\Windows.Events.ProcessCreation-2026-07-12T11_59_59Z-2026-07-12T12_10_10Z-C.364907172793f8c7.csv	2026-07-12T12:14:20.841Z	89205	D6617CF8372FCCEBD74239138822F83E3A106C1730661D84C99776714FA017B1	PUBLIC_SUPPORT	01_ProcessCreation	USADA
F-0126	json	Windows.Events.ProcessCreation-2026-07-12T11_59_59Z-2026-07-12T12_10_10Z-C.364907172793f8c7.json	04_EVIDENCE\PRUEBAS_CON_ARTIFACTS_PUBLICOS\01_ProcessCreation\Windows.Events.ProcessCreation-2026-07-12T11_59_59Z-2026-07-12T12_10_10Z-C.364907172793f8c7.json	2026-07-12T12:14:29.114Z	143980	863A72D901277082157D2E13FF06C417C1FC59EAED02DE60BD0CC72456D1B5DE	PUBLIC_SUPPORT	01_ProcessCreation	USADA
F-0127	txt	CLOSED_UTC.txt	04_EVIDENCE\PRUEBAS_CON_ARTIFACTS_PUBLICOS\02_ServiceCreation\CLOSED_UTC.txt	2026-07-12T12:42:39.704Z	30	906B24E79A28B95CB8C8654A92BE058238144461D7D3E75B47CC1A055A96582E	PUBLIC_SUPPORT	02_ServiceCreation	USADA
F-0128	txt	FP_end_utc.txt	04_EVIDENCE\PRUEBAS_CON_ARTIFACTS_PUBLICOS\02_ServiceCreation\FP_end_utc.txt	2026-07-12T12:38:39.571Z	30	3489E2D50449AB8BB91CFE0272D58CEABBA3C76B59FC409EB9B6835DDCECA6AA	WINDOW_FP	02_ServiceCreation	USADA
F-0129	txt	FP_start_utc.txt	04_EVIDENCE\PRUEBAS_CON_ARTIFACTS_PUBLICOS\02_ServiceCreation\FP_start_utc.txt	2026-07-12T12:37:57.099Z	30	3B91E0DD400A90D83AD2E7039D9A143CE139D9F84CF4CB96B6B55AD8C4B45027	WINDOW_FP	02_ServiceCreation	USADA
F-0130	csv	SHA256.csv	04_EVIDENCE\PRUEBAS_CON_ARTIFACTS_PUBLICOS\02_ServiceCreation\SHA256.csv	2026-07-12T12:42:40.193Z	4386	C9D360555997CFC1D99971B67732FFD6CC6C5732F5A113F1C067CD8809C28B11	SOURCE_HASH_MANIFEST	02_ServiceCreation	USADA
F-0131	txt	TEC_end_utc.txt	04_EVIDENCE\PRUEBAS_CON_ARTIFACTS_PUBLICOS\02_ServiceCreation\TEC_end_utc.txt	2026-07-12T12:33:05.540Z	30	2D12C375827425115EC1BFD9C11B9EF2B8F2D8C16C8DBC1FDE4ED68035BFEA89	WINDOW_TEC	02_ServiceCreation	USADA
F-0132	txt	TEC_start_utc.txt	04_EVIDENCE\PRUEBAS_CON_ARTIFACTS_PUBLICOS\02_ServiceCreation\TEC_start_utc.txt	2026-07-12T12:26:12.997Z	30	727289AB0EA3F360B6F6F67FC1EF7C2E2DDDB526C237DFF47DB2A6A47FAD04D3	WINDOW_TEC	02_ServiceCreation	USADA
F-0133	log	TFM_FP_20260712_143757.log	04_EVIDENCE\PRUEBAS_CON_ARTIFACTS_PUBLICOS\02_ServiceCreation\TFM_FP_20260712_143757.log	2026-07-12T12:38:39.171Z	2014	AAC01AC0B7A871CC85E27D4C7E6AA0A69037844DAC3A03485C87D5A1812A00C7	PUBLIC_SUPPORT	02_ServiceCreation	USADA
F-0134	csv	TFM_FP_20260712_143757_summary.csv	04_EVIDENCE\PRUEBAS_CON_ARTIFACTS_PUBLICOS\02_ServiceCreation\TFM_FP_20260712_143757_summary.csv	2026-07-12T12:38:39.062Z	2995	1E29308BB7E615F0026A6BF8132F4BC2DF43207504BDF760A21643041B2B41F6	RUNNER_FP_SUMMARY	02_ServiceCreation	USADA
F-0135	json	TFM_FP_20260712_143757_summary.json	04_EVIDENCE\PRUEBAS_CON_ARTIFACTS_PUBLICOS\02_ServiceCreation\TFM_FP_20260712_143757_summary.json	2026-07-12T12:38:39.062Z	9373	0E78AFE89B60B09267D78052580956BAB627CF71C47077EF4CA64B07595AC04C	RUNNER_FP_SUMMARY	02_ServiceCreation	USADA
F-0136	txt	TFM_FP_20260712_143757_summary.txt	04_EVIDENCE\PRUEBAS_CON_ARTIFACTS_PUBLICOS\02_ServiceCreation\TFM_FP_20260712_143757_summary.txt	2026-07-12T12:38:39.097Z	1891	D8BEB26B83C2109CB6DA9E5F3122920AA3109E8473A4470B5D645550C89B1D8C	RUNNER_FP_SUMMARY	02_ServiceCreation	USADA
F-0137	csv	TFM_FP_20260712_143757_vr_hits.csv	04_EVIDENCE\PRUEBAS_CON_ARTIFACTS_PUBLICOS\02_ServiceCreation\TFM_FP_20260712_143757_vr_hits.csv	2026-07-12T12:38:39.062Z	145	6D712FCC2666ACDC903FDB17C78D607F811A629D3B5360E63A49639E6DBF32CC	FP_HITS_SUPPORT	02_ServiceCreation	USADA
F-0138	txt	TFM_FP_20260712_143757_vr_hits.txt	04_EVIDENCE\PRUEBAS_CON_ARTIFACTS_PUBLICOS\02_ServiceCreation\TFM_FP_20260712_143757_vr_hits.txt	2026-07-12T12:38:39.117Z	80	5205C8E95EAA41786E609050A2C80239579B143D0A2BB3DA14E4B6FDCE8A30E3	FP_HITS_SUPPORT	02_ServiceCreation	USADA
F-0139	log	TFM_TEC_Run_CANDIDATE_v5_20260712_142613.log	04_EVIDENCE\PRUEBAS_CON_ARTIFACTS_PUBLICOS\02_ServiceCreation\TFM_TEC_Run_CANDIDATE_v5_20260712_142613.log	2026-07-12T12:33:05.324Z	56864	DAA62494A749829A9096A3839BB2C73B6AC2E92C0B2D007E2417CEB925167588	PUBLIC_SUPPORT	02_ServiceCreation	USADA
F-0140	csv	TFM_TEC_Run_CANDIDATE_v5_20260712_142613_summary.csv	04_EVIDENCE\PRUEBAS_CON_ARTIFACTS_PUBLICOS\02_ServiceCreation\TFM_TEC_Run_CANDIDATE_v5_20260712_142613_summary.csv	2026-07-12T12:33:05.149Z	27833	D0A6BE96D5CCE2E6D5F01E679DF10965865FF831C109B2DC60E11245C35EC7AC	RUNNER_TEC_SUMMARY	02_ServiceCreation	USADA
F-0141	json	TFM_TEC_Run_CANDIDATE_v5_20260712_142613_summary.json	04_EVIDENCE\PRUEBAS_CON_ARTIFACTS_PUBLICOS\02_ServiceCreation\TFM_TEC_Run_CANDIDATE_v5_20260712_142613_summary.json	2026-07-12T12:33:05.049Z	63789	D4635B06F60CF31E9B5994E1C5CE2A4F83DC5E8B06A4A15CD6A6150C4B85C7AC	RUNNER_TEC_SUMMARY	02_ServiceCreation	USADA
F-0142	txt	TFM_TEC_Run_CANDIDATE_v5_20260712_142613_summary.txt	04_EVIDENCE\PRUEBAS_CON_ARTIFACTS_PUBLICOS\02_ServiceCreation\TFM_TEC_Run_CANDIDATE_v5_20260712_142613_summary.txt	2026-07-12T12:33:05.140Z	32953	57551FD3258BE5C7B3154DB806CE7F154FCA0ADE8322C88EAC59847623165585	RUNNER_TEC_SUMMARY	02_ServiceCreation	USADA
F-0143	csv	Windows.Events.ServiceCreation_FP.csv	04_EVIDENCE\PRUEBAS_CON_ARTIFACTS_PUBLICOS\02_ServiceCreation\Windows.Events.ServiceCreation_FP.csv	2026-07-12T12:42:10.561Z	18	CEF90BF57B1E9F6DF655046CBD63EA10EBDED736DB09DD1B413EE402714EE0E2	PUBLIC_EXPORT_FP	02_ServiceCreation	USADA
F-0144	json	Windows.Events.ServiceCreation_FP.json	04_EVIDENCE\PRUEBAS_CON_ARTIFACTS_PUBLICOS\02_ServiceCreation\Windows.Events.ServiceCreation_FP.json	2026-07-12T12:42:19.132Z	1114	0E88D5A30F839AB41112DCC691AB2244DB20AF72977BB33F0A3BD1D9BF4B8E88	PUBLIC_EXPORT_FP	02_ServiceCreation	USADA
F-0145	csv	Windows.Events.ServiceCreation_REAL.csv	04_EVIDENCE\PRUEBAS_CON_ARTIFACTS_PUBLICOS\02_ServiceCreation\Windows.Events.ServiceCreation_REAL.csv	2026-07-12T12:35:42.258Z	1258	3CEB993C20A7394F40980C743F34CA81556E71C806C851BF5A513D59C74972F3	PUBLIC_EXPORT_TEC	02_ServiceCreation	USADA
F-0146	json	Windows.Events.ServiceCreation_REAL.json	04_EVIDENCE\PRUEBAS_CON_ARTIFACTS_PUBLICOS\02_ServiceCreation\Windows.Events.ServiceCreation_REAL.json	2026-07-12T12:35:50.180Z	1114	0E88D5A30F839AB41112DCC691AB2244DB20AF72977BB33F0A3BD1D9BF4B8E88	PUBLIC_EXPORT_TEC	02_ServiceCreation	USADA
F-0147	txt	FP_end_utc.txt	04_EVIDENCE\PRUEBAS_CON_ARTIFACTS_PUBLICOS\03_SysmonLogForward\FP_end_utc.txt	2026-07-12T12:56:21.063Z	30	169CCCE02D0237DAD8EC7D5A0C75967C36B6C0A33C04AAF54B4C3466B3E24E71	WINDOW_FP	03_SysmonLogForward	USADA
F-0148	txt	FP_start_utc.txt	04_EVIDENCE\PRUEBAS_CON_ARTIFACTS_PUBLICOS\03_SysmonLogForward\FP_start_utc.txt	2026-07-12T12:55:41.452Z	30	E6D04C49317B41859D2514AFDD4825628A480DB5A1CFE8BB5C59712A2C20E186	WINDOW_FP	03_SysmonLogForward	USADA
F-0149	txt	TEC_end_utc.txt	04_EVIDENCE\PRUEBAS_CON_ARTIFACTS_PUBLICOS\03_SysmonLogForward\TEC_end_utc.txt	2026-07-12T12:52:34.859Z	30	EF902DE9A3657F01EE0D68396B712F1F079A9AACD70B8E4787FA1AEE6392AF64	WINDOW_TEC	03_SysmonLogForward	USADA
F-0150	txt	TEC_start_utc.txt	04_EVIDENCE\PRUEBAS_CON_ARTIFACTS_PUBLICOS\03_SysmonLogForward\TEC_start_utc.txt	2026-07-12T12:46:16.673Z	30	1E2F90DC3A74EBD6DFFA1FB15BB7C8BC8943AB30F3A59068A73148B0CEF97042	WINDOW_TEC	03_SysmonLogForward	USADA
F-0151	log	TFM_FP_20260712_145541.log	04_EVIDENCE\PRUEBAS_CON_ARTIFACTS_PUBLICOS\03_SysmonLogForward\TFM_FP_20260712_145541.log	2026-07-12T12:56:19.773Z	2010	40ABD17DCB33806CB18B63E79DA26E79FF0E87C44EDF36160FA8CE0E2CC293A0	PUBLIC_SUPPORT	03_SysmonLogForward	USADA
F-0152	csv	TFM_FP_20260712_145541_summary.csv	04_EVIDENCE\PRUEBAS_CON_ARTIFACTS_PUBLICOS\03_SysmonLogForward\TFM_FP_20260712_145541_summary.csv	2026-07-12T12:56:19.534Z	2991	03516F7C728895DD8FD3A6F5099626133E5A2A1E3CAEF5123618D8F41FBD2424	RUNNER_FP_SUMMARY	03_SysmonLogForward	USADA
F-0153	json	TFM_FP_20260712_145541_summary.json	04_EVIDENCE\PRUEBAS_CON_ARTIFACTS_PUBLICOS\03_SysmonLogForward\TFM_FP_20260712_145541_summary.json	2026-07-12T12:56:19.565Z	9369	B8F43C80309B8D88BFAB5DE4D74DB6C64F949C13E126F718CE8363C92FBE3C4D	RUNNER_FP_SUMMARY	03_SysmonLogForward	USADA
F-0154	txt	TFM_FP_20260712_145541_summary.txt	04_EVIDENCE\PRUEBAS_CON_ARTIFACTS_PUBLICOS\03_SysmonLogForward\TFM_FP_20260712_145541_summary.txt	2026-07-12T12:56:19.565Z	1891	CEBEA80B2F34114565C5FDFC983875B246A7188F7C3D47DC38DF7A82ADA0D1F1	RUNNER_FP_SUMMARY	03_SysmonLogForward	USADA
F-0155	csv	TFM_FP_20260712_145541_vr_hits.csv	04_EVIDENCE\PRUEBAS_CON_ARTIFACTS_PUBLICOS\03_SysmonLogForward\TFM_FP_20260712_145541_vr_hits.csv	2026-07-12T12:56:19.545Z	145	6D712FCC2666ACDC903FDB17C78D607F811A629D3B5360E63A49639E6DBF32CC	FP_HITS_SUPPORT	03_SysmonLogForward	USADA
F-0156	txt	TFM_FP_20260712_145541_vr_hits.txt	04_EVIDENCE\PRUEBAS_CON_ARTIFACTS_PUBLICOS\03_SysmonLogForward\TFM_FP_20260712_145541_vr_hits.txt	2026-07-12T12:56:19.565Z	80	EF891410DBCFBF2DF39BA11E014BC63B6D2E79B0448509FB9571E81395C5B332	FP_HITS_SUPPORT	03_SysmonLogForward	USADA
F-0157	log	TFM_TEC_Run_CANDIDATE_v5_20260712_144616.log	04_EVIDENCE\PRUEBAS_CON_ARTIFACTS_PUBLICOS\03_SysmonLogForward\TFM_TEC_Run_CANDIDATE_v5_20260712_144616.log	2026-07-12T12:52:33.616Z	56742	739C86C3802C7CA96957A1DAEB5D45B1D063CDA495282490249518EBF692E421	PUBLIC_SUPPORT	03_SysmonLogForward	USADA
F-0158	csv	TFM_TEC_Run_CANDIDATE_v5_20260712_144616_summary.csv	04_EVIDENCE\PRUEBAS_CON_ARTIFACTS_PUBLICOS\03_SysmonLogForward\TFM_TEC_Run_CANDIDATE_v5_20260712_144616_summary.csv	2026-07-12T12:52:32.774Z	27716	CF17A9DC1D9DD69E6CE31C7471C65EB0B4FA78FBA73E85C6B4FDC3D5569EC42A	RUNNER_TEC_SUMMARY	03_SysmonLogForward	USADA
F-0159	json	TFM_TEC_Run_CANDIDATE_v5_20260712_144616_summary.json	04_EVIDENCE\PRUEBAS_CON_ARTIFACTS_PUBLICOS\03_SysmonLogForward\TFM_TEC_Run_CANDIDATE_v5_20260712_144616_summary.json	2026-07-12T12:52:32.394Z	63672	A97A921A41CD3AF02B8057FB2B828AEE7DDF4B25EDC506A0E3A56078C312DCA5	RUNNER_TEC_SUMMARY	03_SysmonLogForward	USADA
F-0160	txt	TFM_TEC_Run_CANDIDATE_v5_20260712_144616_summary.txt	04_EVIDENCE\PRUEBAS_CON_ARTIFACTS_PUBLICOS\03_SysmonLogForward\TFM_TEC_Run_CANDIDATE_v5_20260712_144616_summary.txt	2026-07-12T12:52:32.774Z	32836	6D70088185FE4A0677F56F76415B820205585563EF9DD4A4CF09F35D95332961	RUNNER_TEC_SUMMARY	03_SysmonLogForward	USADA
F-0161	csv	Windows.Sysinternals.SysmonLogForward_FP.csv	04_EVIDENCE\PRUEBAS_CON_ARTIFACTS_PUBLICOS\03_SysmonLogForward\Windows.Sysinternals.SysmonLogForward_FP.csv	2026-07-12T13:00:13.575Z	175331	A04627D54E7EFCF0DCDB495D78DF1CCB1C07D2070A4009E4C0C8F5746EC72990	PUBLIC_EXPORT_FP	03_SysmonLogForward	USADA
F-0162	json	Windows.Sysinternals.SysmonLogForward_FP.json	04_EVIDENCE\PRUEBAS_CON_ARTIFACTS_PUBLICOS\03_SysmonLogForward\Windows.Sysinternals.SysmonLogForward_FP.json	2026-07-12T13:00:26.480Z	161909	EF9BD911B884EA6667D2CC63D577BF263CB29F60A2E83142ADEF517C5EC8D3F9	PUBLIC_EXPORT_FP	03_SysmonLogForward	USADA
F-0163	csv	Windows.Sysinternals.SysmonLogForward_REAL.csv	04_EVIDENCE\PRUEBAS_CON_ARTIFACTS_PUBLICOS\03_SysmonLogForward\Windows.Sysinternals.SysmonLogForward_REAL.csv	2026-07-12T12:55:26.936Z	138172	4124A68DD252ADBB1E348BD36F669EFFE989BEC190BFF96068E7FBF700A4A1AA	PUBLIC_EXPORT_TEC	03_SysmonLogForward	USADA
F-0164	json	Windows.Sysinternals.SysmonLogForward_REAL.json	04_EVIDENCE\PRUEBAS_CON_ARTIFACTS_PUBLICOS\03_SysmonLogForward\Windows.Sysinternals.SysmonLogForward_REAL.json	2026-07-12T12:55:35.600Z	127567	74024007455405D7791A081DD20B32BABAFF3D8B6FDDF72D72FB81821C7218ED	PUBLIC_EXPORT_TEC	03_SysmonLogForward	USADA
F-0165	txt	FP_end_utc.txt	04_EVIDENCE\PRUEBAS_CON_ARTIFACTS_PUBLICOS\04_HayabusaMonitoring_CH\FP_end_utc.txt	2026-07-12T13:41:29.199Z	30	F45FAAB8DCB505ABEBFA7D73DBFBDA97FA3C62773AF6CE7C9AD334B2847C4CF1	WINDOW_FP	04_HayabusaMonitoring_CH	USADA
F-0166	txt	FP_start_utc.txt	04_EVIDENCE\PRUEBAS_CON_ARTIFACTS_PUBLICOS\04_HayabusaMonitoring_CH\FP_start_utc.txt	2026-07-12T13:41:00.382Z	30	C0F9055C69EE7C1A5C58505A9FED1DF23575CD1E0E84A5EEE472BD208E9072FE	WINDOW_FP	04_HayabusaMonitoring_CH	USADA
F-0167	txt	TEC_end_utc.txt	04_EVIDENCE\PRUEBAS_CON_ARTIFACTS_PUBLICOS\04_HayabusaMonitoring_CH\TEC_end_utc.txt	2026-07-12T13:31:18.641Z	30	D1BDBB4EBD3BB3F99F25D4B4FFCF5C418AFB84E43763D22A2DDD8E04FD82E1F4	WINDOW_TEC	04_HayabusaMonitoring_CH	USADA
F-0168	txt	TEC_start_utc.txt	04_EVIDENCE\PRUEBAS_CON_ARTIFACTS_PUBLICOS\04_HayabusaMonitoring_CH\TEC_start_utc.txt	2026-07-12T13:25:03.319Z	30	94EBD975A70BBB9378139F86EC60C5444840689F960B4E1AC279A908AD2BA8DE	WINDOW_TEC	04_HayabusaMonitoring_CH	USADA
F-0169	log	TFM_FP_20260712_154100.log	04_EVIDENCE\PRUEBAS_CON_ARTIFACTS_PUBLICOS\04_HayabusaMonitoring_CH\TFM_FP_20260712_154100.log	2026-07-12T13:41:28.934Z	2010	FCF2E716D08ED40CFFA9EF2E6F3C0459388F8FECD3095338E725984C3097F8A7	PUBLIC_SUPPORT	04_HayabusaMonitoring_CH	USADA
F-0170	csv	TFM_FP_20260712_154100_summary.csv	04_EVIDENCE\PRUEBAS_CON_ARTIFACTS_PUBLICOS\04_HayabusaMonitoring_CH\TFM_FP_20260712_154100_summary.csv	2026-07-12T13:41:28.850Z	2991	2343ECA1CCDEF936AF4CEDE481FB8A9F6C7B7506D660C20E79A4398226095DCE	RUNNER_FP_SUMMARY	04_HayabusaMonitoring_CH	USADA
F-0171	json	TFM_FP_20260712_154100_summary.json	04_EVIDENCE\PRUEBAS_CON_ARTIFACTS_PUBLICOS\04_HayabusaMonitoring_CH\TFM_FP_20260712_154100_summary.json	2026-07-12T13:41:28.850Z	9369	F2D3669760831D4C8B188D99D1D36AC6326D544FB3EE215998657D6B42FA4534	RUNNER_FP_SUMMARY	04_HayabusaMonitoring_CH	USADA
F-0172	txt	TFM_FP_20260712_154100_summary.txt	04_EVIDENCE\PRUEBAS_CON_ARTIFACTS_PUBLICOS\04_HayabusaMonitoring_CH\TFM_FP_20260712_154100_summary.txt	2026-07-12T13:41:28.850Z	1891	C7346F06B9E53483F2CB283D76ED5A5A43072162428D369D40F1118BC3499FE4	RUNNER_FP_SUMMARY	04_HayabusaMonitoring_CH	USADA
F-0173	csv	TFM_FP_20260712_154100_vr_hits.csv	04_EVIDENCE\PRUEBAS_CON_ARTIFACTS_PUBLICOS\04_HayabusaMonitoring_CH\TFM_FP_20260712_154100_vr_hits.csv	2026-07-12T13:41:28.850Z	145	6D712FCC2666ACDC903FDB17C78D607F811A629D3B5360E63A49639E6DBF32CC	FP_HITS_SUPPORT	04_HayabusaMonitoring_CH	USADA
F-0174	txt	TFM_FP_20260712_154100_vr_hits.txt	04_EVIDENCE\PRUEBAS_CON_ARTIFACTS_PUBLICOS\04_HayabusaMonitoring_CH\TFM_FP_20260712_154100_vr_hits.txt	2026-07-12T13:41:28.850Z	80	51BC47C62D8B76123A067E445021C26B7C0177B1C70AFFBBA33E162668C28C98	FP_HITS_SUPPORT	04_HayabusaMonitoring_CH	USADA
F-0175	log	TFM_TEC_Run_CANDIDATE_v5_20260712_152503.log	04_EVIDENCE\PRUEBAS_CON_ARTIFACTS_PUBLICOS\04_HayabusaMonitoring_CH\TFM_TEC_Run_CANDIDATE_v5_20260712_152503.log	2026-07-12T13:31:17.995Z	56620	4469D679994BFBE672DE58B36DE2C79731A64A5DAB5F908C88EB2A0052346130	PUBLIC_SUPPORT	04_HayabusaMonitoring_CH	USADA
F-0176	csv	TFM_TEC_Run_CANDIDATE_v5_20260712_152503_summary.csv	04_EVIDENCE\PRUEBAS_CON_ARTIFACTS_PUBLICOS\04_HayabusaMonitoring_CH\TFM_TEC_Run_CANDIDATE_v5_20260712_152503_summary.csv	2026-07-12T13:31:17.687Z	27593	58E3371F8F03BA22675D16A069BA26CD1122736CCF2C48B85EAA1792DDDC3F09	RUNNER_TEC_SUMMARY	04_HayabusaMonitoring_CH	USADA
F-0177	json	TFM_TEC_Run_CANDIDATE_v5_20260712_152503_summary.json	04_EVIDENCE\PRUEBAS_CON_ARTIFACTS_PUBLICOS\04_HayabusaMonitoring_CH\TFM_TEC_Run_CANDIDATE_v5_20260712_152503_summary.json	2026-07-12T13:31:17.585Z	63549	6C8E30F528A06ED41D5C91B5A575F2EE6D03123EBA29056E6CC17651AD1AEB27	RUNNER_TEC_SUMMARY	04_HayabusaMonitoring_CH	USADA
F-0178	txt	TFM_TEC_Run_CANDIDATE_v5_20260712_152503_summary.txt	04_EVIDENCE\PRUEBAS_CON_ARTIFACTS_PUBLICOS\04_HayabusaMonitoring_CH\TFM_TEC_Run_CANDIDATE_v5_20260712_152503_summary.txt	2026-07-12T13:31:17.687Z	32713	3C455924758A6174A02EE2EC79D0A0E69BCA326F49F074CA390ECE72E36AECD8	RUNNER_TEC_SUMMARY	04_HayabusaMonitoring_CH	USADA
F-0179	csv	Windows.Hayabusa.Monitoring_FP.csv	04_EVIDENCE\PRUEBAS_CON_ARTIFACTS_PUBLICOS\04_HayabusaMonitoring_CH\Windows.Hayabusa.Monitoring_FP.csv	2026-07-12T13:44:10.463Z	3658383	E13C49463B1897B61E21E3D4DE023FD88E67278BB7A2D33ACF591B9B846155A4	PUBLIC_EXPORT_FP	04_HayabusaMonitoring_CH	USADA
F-0180	json	Windows.Hayabusa.Monitoring_FP.json	04_EVIDENCE\PRUEBAS_CON_ARTIFACTS_PUBLICOS\04_HayabusaMonitoring_CH\Windows.Hayabusa.Monitoring_FP.json	2026-07-12T13:44:24.791Z	3625078	96C1CEEDF144266EF319C1CC9A12E8698E27E837D7CB1C2AB2841281FBF40A51	PUBLIC_EXPORT_FP	04_HayabusaMonitoring_CH	USADA
F-0181	csv	Windows.Hayabusa.Monitoring_REAL.csv	04_EVIDENCE\PRUEBAS_CON_ARTIFACTS_PUBLICOS\04_HayabusaMonitoring_CH\Windows.Hayabusa.Monitoring_REAL.csv	2026-07-12T13:36:34.037Z	832227	B506E51B1F07B9A5D090A769A6DDC320E735D170577C4754836BB4C066F2934E	PUBLIC_EXPORT_TEC	04_HayabusaMonitoring_CH	USADA
F-0182	json	Windows.Hayabusa.Monitoring_REAL.json	04_EVIDENCE\PRUEBAS_CON_ARTIFACTS_PUBLICOS\04_HayabusaMonitoring_CH\Windows.Hayabusa.Monitoring_REAL.json	2026-07-12T13:36:53.468Z	799285	4E49BCDACA5DBE540B71B2D1172500C0EBB79D744AA2CC3C3BBD3484FF6CBC06	PUBLIC_EXPORT_TEC	04_HayabusaMonitoring_CH	USADA
F-0183	txt	FP_end_utc.txt	04_EVIDENCE\PRUEBAS_CON_ARTIFACTS_PUBLICOS\05_ETWMonitoring\FP_end_utc.txt	2026-07-12T14:32:57.519Z	30	457827605F3C80678F5528DDDF707034BBD9B19933DA38EC6BA95AFB93E602EB	WINDOW_FP	05_ETWMonitoring	USADA
F-0184	txt	FP_start_utc.txt	04_EVIDENCE\PRUEBAS_CON_ARTIFACTS_PUBLICOS\05_ETWMonitoring\FP_start_utc.txt	2026-07-12T14:32:20.332Z	30	8F138B3CE3CACCF8A5CB1E0823A8644851E4E0F51DEDD598C7517D32811BE293	WINDOW_FP	05_ETWMonitoring	USADA
F-0185	txt	TEC_end_utc.txt	04_EVIDENCE\PRUEBAS_CON_ARTIFACTS_PUBLICOS\05_ETWMonitoring\TEC_end_utc.txt	2026-07-12T14:30:04.871Z	30	0A485AA6725DF54C218F9DC95DB468AC15BC3886CC9B26406753B943098ABE14	WINDOW_TEC	05_ETWMonitoring	USADA
F-0186	txt	TEC_start_utc.txt	04_EVIDENCE\PRUEBAS_CON_ARTIFACTS_PUBLICOS\05_ETWMonitoring\TEC_start_utc.txt	2026-07-12T14:22:25.782Z	30	148A17A7EE017F1608D41C73F171CF432FF90E7A4F2C0E0BBA816164631CE7CB	WINDOW_TEC	05_ETWMonitoring	USADA
F-0187	log	TFM_FP_20260712_163220.log	04_EVIDENCE\PRUEBAS_CON_ARTIFACTS_PUBLICOS\05_ETWMonitoring\TFM_FP_20260712_163220.log	2026-07-12T14:32:56.964Z	2011	4899894576BFC70B19FBB489B90369FB2AB4EA8A48A96BCCF8B9597A537A75EF	PUBLIC_SUPPORT	05_ETWMonitoring	USADA
F-0188	csv	TFM_FP_20260712_163220_summary.csv	04_EVIDENCE\PRUEBAS_CON_ARTIFACTS_PUBLICOS\05_ETWMonitoring\TFM_FP_20260712_163220_summary.csv	2026-07-12T14:32:56.851Z	2992	AC7A928B763F4BAF08B197F8BEEE501A0A0CE9B25AAE6916CB0E505CB494D59E	RUNNER_FP_SUMMARY	05_ETWMonitoring	USADA
F-0189	json	TFM_FP_20260712_163220_summary.json	04_EVIDENCE\PRUEBAS_CON_ARTIFACTS_PUBLICOS\05_ETWMonitoring\TFM_FP_20260712_163220_summary.json	2026-07-12T14:32:56.869Z	9370	26A57D36EB264F94E8FA9C16A072E4439D4F8C1E7A649DA0D2F9A740C2AD9819	RUNNER_FP_SUMMARY	05_ETWMonitoring	USADA
F-0190	txt	TFM_FP_20260712_163220_summary.txt	04_EVIDENCE\PRUEBAS_CON_ARTIFACTS_PUBLICOS\05_ETWMonitoring\TFM_FP_20260712_163220_summary.txt	2026-07-12T14:32:56.869Z	1891	80B42430C40C4B99F27F02B342B29184A45EE7A88D59617AC4523593049136E9	RUNNER_FP_SUMMARY	05_ETWMonitoring	USADA
F-0191	csv	TFM_FP_20260712_163220_vr_hits.csv	04_EVIDENCE\PRUEBAS_CON_ARTIFACTS_PUBLICOS\05_ETWMonitoring\TFM_FP_20260712_163220_vr_hits.csv	2026-07-12T14:32:56.851Z	145	6D712FCC2666ACDC903FDB17C78D607F811A629D3B5360E63A49639E6DBF32CC	FP_HITS_SUPPORT	05_ETWMonitoring	USADA
F-0192	txt	TFM_FP_20260712_163220_vr_hits.txt	04_EVIDENCE\PRUEBAS_CON_ARTIFACTS_PUBLICOS\05_ETWMonitoring\TFM_FP_20260712_163220_vr_hits.txt	2026-07-12T14:32:56.869Z	80	FC07FB39E6FC1085291332AAD85D9184439AE72A9128A3E7A4EEB74DAA1DC0D9	FP_HITS_SUPPORT	05_ETWMonitoring	USADA
F-0193	csv	Windows.ETW.Monitoring_FP.csv	04_EVIDENCE\PRUEBAS_CON_ARTIFACTS_PUBLICOS\05_ETWMonitoring\Windows.ETW.Monitoring_FP.csv	2026-07-12T14:37:30.270Z	0	E3B0C44298FC1C149AFBF4C8996FB92427AE41E4649B934CA495991B7852B855	PUBLIC_EXPORT_FP	05_ETWMonitoring	USADA
F-0194	json	Windows.ETW.Monitoring_FP.json	04_EVIDENCE\PRUEBAS_CON_ARTIFACTS_PUBLICOS\05_ETWMonitoring\Windows.ETW.Monitoring_FP.json	2026-07-12T14:37:42.755Z	0	E3B0C44298FC1C149AFBF4C8996FB92427AE41E4649B934CA495991B7852B855	PUBLIC_EXPORT_FP	05_ETWMonitoring	USADA
F-0195	csv	Windows.ETW.Monitoring-_REAL.csv	04_EVIDENCE\PRUEBAS_CON_ARTIFACTS_PUBLICOS\05_ETWMonitoring\Windows.ETW.Monitoring-_REAL.csv	2026-07-12T14:28:57.440Z	0	E3B0C44298FC1C149AFBF4C8996FB92427AE41E4649B934CA495991B7852B855	PUBLIC_EXPORT_TEC	05_ETWMonitoring	USADA
F-0196	json	Windows.ETW.Monitoring_REAL.json	04_EVIDENCE\PRUEBAS_CON_ARTIFACTS_PUBLICOS\05_ETWMonitoring\Windows.ETW.Monitoring_REAL.json	2026-07-12T14:29:46.051Z	0	E3B0C44298FC1C149AFBF4C8996FB92427AE41E4649B934CA495991B7852B855	PUBLIC_EXPORT_TEC	05_ETWMonitoring	USADA
F-0197	txt	FP_end_utc.txt	04_EVIDENCE\PRUEBAS_CON_ARTIFACTS_PUBLICOS\06_TrackNetworkConnections\FP_end_utc.txt	2026-07-12T14:53:04.206Z	30	1A881D7E6F89E24E504B4E578C05EA2CB50617166032A0D5958FAA50B7156E00	WINDOW_FP	06_TrackNetworkConnections	USADA
F-0198	txt	FP_start_utc.txt	04_EVIDENCE\PRUEBAS_CON_ARTIFACTS_PUBLICOS\06_TrackNetworkConnections\FP_start_utc.txt	2026-07-12T14:52:39.396Z	30	B25A677DF10359991CBCC3EE6C9E63334358D1F5DA0C1C3C857C39B09632FEC6	WINDOW_FP	06_TrackNetworkConnections	USADA
F-0199	json	Generic.Events.TrackNetworkConnection_FP.json	04_EVIDENCE\PRUEBAS_CON_ARTIFACTS_PUBLICOS\06_TrackNetworkConnections\Generic.Events.TrackNetworkConnection_FP.json	2026-07-12T14:58:38.803Z	328865	DD3F6C4D12D00776F6A17A0468791E96E7496A39BA7E18DAFD01B43309A172E8	PUBLIC_EXPORT_FP	06_TrackNetworkConnections	USADA
F-0200	csv	Generic.Events.TrackNetworkConnections_FP.csv	04_EVIDENCE\PRUEBAS_CON_ARTIFACTS_PUBLICOS\06_TrackNetworkConnections\Generic.Events.TrackNetworkConnections_FP.csv	2026-07-12T14:58:19.259Z	312837	03B9310BF98B0C9BF80E9C9EB9B20F5D01701E0E72FBB1D38D6AA23FA7F026F8	PUBLIC_EXPORT_FP	06_TrackNetworkConnections	USADA
F-0201	csv	Generic.Events.TrackNetworkConnections_REAL.csv	04_EVIDENCE\PRUEBAS_CON_ARTIFACTS_PUBLICOS\06_TrackNetworkConnections\Generic.Events.TrackNetworkConnections_REAL.csv	2026-07-12T14:52:10.715Z	217976	8C4966BBBA4CC0E3A2CCDE9EFE4B477C93E331CB1B6752F7E6F7C98D50A45C76	PUBLIC_EXPORT_TEC	06_TrackNetworkConnections	USADA
F-0202	json	Generic.Events.TrackNetworkConnections_REAL.json	04_EVIDENCE\PRUEBAS_CON_ARTIFACTS_PUBLICOS\06_TrackNetworkConnections\Generic.Events.TrackNetworkConnections_REAL.json	2026-07-12T14:52:25.608Z	204323	93BD02A45AD38CBEDBF68E3BA753E1871FC4E9647A6CF3DBDACB8E1640252AB1	PUBLIC_EXPORT_TEC	06_TrackNetworkConnections	USADA
F-0203	txt	TEC_end_utc.txt	04_EVIDENCE\PRUEBAS_CON_ARTIFACTS_PUBLICOS\06_TrackNetworkConnections\TEC_end_utc.txt	2026-07-12T14:50:12.514Z	30	37F4A4E73CE9946C2D62B4EC6D58787166715453C1F1822B9A6CC47D86C66DB7	WINDOW_TEC	06_TrackNetworkConnections	USADA
F-0204	txt	TEC_start_utc.txt	04_EVIDENCE\PRUEBAS_CON_ARTIFACTS_PUBLICOS\06_TrackNetworkConnections\TEC_start_utc.txt	2026-07-12T14:43:12.204Z	30	71628EA510069D2C23E8705B4B22163CAB57BD9B172D4E96D432BBEF6E734671	WINDOW_TEC	06_TrackNetworkConnections	USADA
F-0205	log	TFM_FP_20260712_165239.log	04_EVIDENCE\PRUEBAS_CON_ARTIFACTS_PUBLICOS\06_TrackNetworkConnections\TFM_FP_20260712_165239.log	2026-07-12T14:53:03.927Z	2013	AE093D8D5D87A314DB16C961B60D42C60029BB7C52F0012FD2E408E20B776BCD	PUBLIC_SUPPORT	06_TrackNetworkConnections	USADA
F-0206	csv	TFM_FP_20260712_165239_summary.csv	04_EVIDENCE\PRUEBAS_CON_ARTIFACTS_PUBLICOS\06_TrackNetworkConnections\TFM_FP_20260712_165239_summary.csv	2026-07-12T14:53:03.839Z	2994	11FA037C0FFCEF844B8B84EBB8A6C9B2A24AB4844204712F95BB81EB42DA4602	RUNNER_FP_SUMMARY	06_TrackNetworkConnections	USADA
F-0207	json	TFM_FP_20260712_165239_summary.json	04_EVIDENCE\PRUEBAS_CON_ARTIFACTS_PUBLICOS\06_TrackNetworkConnections\TFM_FP_20260712_165239_summary.json	2026-07-12T14:53:03.871Z	9372	A4C4347D6C83E26DDBD23FACAED59603DEB804BFB92165C8FA17F8FC2342EA40	RUNNER_FP_SUMMARY	06_TrackNetworkConnections	USADA
F-0208	txt	TFM_FP_20260712_165239_summary.txt	04_EVIDENCE\PRUEBAS_CON_ARTIFACTS_PUBLICOS\06_TrackNetworkConnections\TFM_FP_20260712_165239_summary.txt	2026-07-12T14:53:03.873Z	1891	D6B859E990928742A837AFC3DD3ACAD6DB215CB9BA4CA70845310F80FDBE8838	RUNNER_FP_SUMMARY	06_TrackNetworkConnections	USADA
F-0209	csv	TFM_FP_20260712_165239_vr_hits.csv	04_EVIDENCE\PRUEBAS_CON_ARTIFACTS_PUBLICOS\06_TrackNetworkConnections\TFM_FP_20260712_165239_vr_hits.csv	2026-07-12T14:53:03.851Z	145	6D712FCC2666ACDC903FDB17C78D607F811A629D3B5360E63A49639E6DBF32CC	FP_HITS_SUPPORT	06_TrackNetworkConnections	USADA
F-0210	txt	TFM_FP_20260712_165239_vr_hits.txt	04_EVIDENCE\PRUEBAS_CON_ARTIFACTS_PUBLICOS\06_TrackNetworkConnections\TFM_FP_20260712_165239_vr_hits.txt	2026-07-12T14:53:03.873Z	80	C029194F960CC7EE64A7BE0A5685EF72E726703E738E86E915F2A8524CFFE8B4	FP_HITS_SUPPORT	06_TrackNetworkConnections	USADA
F-0211	log	TFM_TEC_Run_CANDIDATE_v5_20260712_164312.log	04_EVIDENCE\PRUEBAS_CON_ARTIFACTS_PUBLICOS\06_TrackNetworkConnections\TFM_TEC_Run_CANDIDATE_v5_20260712_164312.log	2026-07-12T14:50:11.991Z	56620	FD5ECF104860E7BD489DB373B030F718D704539D50723E0BFDBA1A5D96AD1885	PUBLIC_SUPPORT	06_TrackNetworkConnections	USADA
F-0212	csv	TFM_TEC_Run_CANDIDATE_v5_20260712_164312_summary.csv	04_EVIDENCE\PRUEBAS_CON_ARTIFACTS_PUBLICOS\06_TrackNetworkConnections\TFM_TEC_Run_CANDIDATE_v5_20260712_164312_summary.csv	2026-07-12T14:50:11.812Z	27592	B8DB41BCF54940805052C581C33A4FA0862059200BD3BE434790B36DE41B3800	RUNNER_TEC_SUMMARY	06_TrackNetworkConnections	USADA
F-0213	json	TFM_TEC_Run_CANDIDATE_v5_20260712_164312_summary.json	04_EVIDENCE\PRUEBAS_CON_ARTIFACTS_PUBLICOS\06_TrackNetworkConnections\TFM_TEC_Run_CANDIDATE_v5_20260712_164312_summary.json	2026-07-12T14:50:11.710Z	63548	B108D08AB174888CAA637E3E890955FB010CBD4EFA80812B92261EB3E5F1FB8B	RUNNER_TEC_SUMMARY	06_TrackNetworkConnections	USADA
F-0214	txt	TFM_TEC_Run_CANDIDATE_v5_20260712_164312_summary.txt	04_EVIDENCE\PRUEBAS_CON_ARTIFACTS_PUBLICOS\06_TrackNetworkConnections\TFM_TEC_Run_CANDIDATE_v5_20260712_164312_summary.txt	2026-07-12T14:50:11.748Z	32712	12256E1CA5961ACFBD114A23C29D0952EA6255A9F3179B03E5421DD329F3E8DD	RUNNER_TEC_SUMMARY	06_TrackNetworkConnections	USADA
F-0215	tar.gz	TFM_WAZUH_VISIBILIDAD_EVIDENCE.tar.gz	10_WAZUH\TFM_WAZUH_VISIBILIDAD_EVIDENCE.tar.gz	2026-06-22T13:43:50+02:00	1990280	DB3B4B316B6952AEB4F3551C60DA30494B16CA5EABED95F68D7480EE62AD943F	WAZUH_EVIDENCE_CONTAINER	WAZUH_BASE_CUSTOM	USADA
F-0216	txt	start_utc.txt	10_WAZUH\TFM_WAZUH_VISIBILIDAD_EVIDENCE.tar.gz::ENTREGA_WAZUH_VISIBILIDAD_20260622_114027/base/start_utc.txt	2026-06-22T13:40:31+02:00	21	B526A6D767A63C0A2F0BA277250567529B3CDFDEAD7B7863684E8DA7ECD7653D	WINDOW_BASE	WAZUH_BASE	USADA
F-0217	txt	end_utc.txt	10_WAZUH\TFM_WAZUH_VISIBILIDAD_EVIDENCE.tar.gz::ENTREGA_WAZUH_VISIBILIDAD_20260622_114027/base/end_utc.txt	2026-06-22T13:40:31+02:00	21	CAD3C3AE35884CEBBA84BB9F421CE3C704BC872AE2CB81CDDE53B6E740DD9F42	WINDOW_BASE	WAZUH_BASE	USADA
F-0218	jsonl	wazuh_base_alerts_delta.jsonl	10_WAZUH\TFM_WAZUH_VISIBILIDAD_EVIDENCE.tar.gz::ENTREGA_WAZUH_VISIBILIDAD_20260622_114027/base/wazuh_base_alerts_delta.jsonl	2026-06-22T13:40:31+02:00	160796	FE8B4125B868BACB2B44490490DD2681FD7B60A9FA80A39A678BF18D4A461517	WAZUH_BASE_ALERTS_BASELINE	WAZUH_BASE	USADA
F-0219	txt	start_utc.txt	10_WAZUH\TFM_WAZUH_VISIBILIDAD_EVIDENCE.tar.gz::ENTREGA_WAZUH_VISIBILIDAD_20260622_114027/custom/start_utc.txt	2026-06-22T13:40:38+02:00	21	C2203B5B49FC6ED3A601D9C49F1E8C640DDC194DFF1814864C8907E53D01747D	WINDOW_TEC	WAZUH_BASE_CUSTOM	USADA
F-0220	txt	end_utc.txt	10_WAZUH\TFM_WAZUH_VISIBILIDAD_EVIDENCE.tar.gz::ENTREGA_WAZUH_VISIBILIDAD_20260622_114027/custom/end_utc.txt	2026-06-22T13:40:38+02:00	21	34D79555FF5BAA01BDBC8898B8736C72763C68437025B3DB79979F59EDB5C754	WINDOW_TEC	WAZUH_BASE_CUSTOM	USADA
F-0221	jsonl	wazuh_custom_alerts_delta.jsonl	10_WAZUH\TFM_WAZUH_VISIBILIDAD_EVIDENCE.tar.gz::ENTREGA_WAZUH_VISIBILIDAD_20260622_114027/custom/wazuh_custom_alerts_delta.jsonl	2026-06-22T13:40:38+02:00	431533	4C1CA23E52964C7752CDB589E0C2CAA230D9442BA0B4ABD2251D090E6B38E6EB	WAZUH_NATIVE_AND_CUSTOM_ALERTS	WAZUH_BASE_CUSTOM	USADA
F-0222	jsonl	tfm_wazuh_custom_detections_110xxx.jsonl	10_WAZUH\TFM_WAZUH_VISIBILIDAD_EVIDENCE.tar.gz::ENTREGA_WAZUH_VISIBILIDAD_20260622_114027/custom/tfm_wazuh_custom_detections_110xxx.jsonl	2026-06-22T13:40:42+02:00	314214	B095F98CC61F79AC282353A4A1053407766ABA5D43776EFFD1F3C60EB2E82428	WAZUH_CUSTOM_110XXX_ALERTS	WAZUH_CUSTOM	USADA
F-0223	xml	tfm_wazuh_custom_rules_v2.xml	10_WAZUH\TFM_WAZUH_VISIBILIDAD_EVIDENCE.tar.gz::ENTREGA_WAZUH_VISIBILIDAD_20260622_114027/config/tfm_wazuh_custom_rules_v2.xml	2026-06-22T13:41:05+02:00	3204	735E58C362B6E29CEFA12D4ABBDA4BF9A4BDD671E5F5CD82E76C91796735896E	WAZUH_CUSTOM_RULESET_ACTIVE	WAZUH_CUSTOM	USADA
F-0224	docx	WAZUH.docx	10_WAZUH\WAZUH.docx	2026-06-22T14:03:12+02:00	1354384	690307EC1673BC3B78876CFCB51D7CD66421C60E7B7CBD0DCA815675B6E0A016	WAZUH_METHOD_NOTE	WAZUH_BASE_CUSTOM	USADA
F-0225	yaml	Custom.TFM.HIDS.P1.Critical.Priority.Event_v1.yaml	01_ARTIFACTS\validated\Custom.TFM.HIDS.P1.Critical.Priority.Event_v1.yaml	2026-06-24T12:32:25.1824130Z	15108	8A1FF2654405AF9E4412D32EF0C2BE08A383924654AA764A04AB264BAA42EDD7	ARTIFACT_VALIDADO	07_Catalogo_Artifacts; 14_Arquitectura_Custom	USADA
F-0226	yaml	Custom.TFM.HIDS.P2.High.Forensic.Event_v1.yaml	01_ARTIFACTS\validated\Custom.TFM.HIDS.P2.High.Forensic.Event_v1.yaml	2026-06-15T19:23:15.5128993Z	21680	255C5F7CA39E362FE45106C662C4C35730EFF57A4063A1E9973FD11A6375FAA2	ARTIFACT_VALIDADO	07_Catalogo_Artifacts; 14_Arquitectura_Custom	USADA
F-0227	yaml	Custom.TFM.HIDS.P3.Medium.Behavioral.Event_v1.yaml	01_ARTIFACTS\validated\Custom.TFM.HIDS.P3.Medium.Behavioral.Event_v1.yaml	2026-06-15T19:25:25.4757719Z	22997	C591CB849753194F6F87834C1E0F34EDE6CDFF6B31BC63650A1D281ADA1D410A	ARTIFACT_VALIDADO	07_Catalogo_Artifacts; 14_Arquitectura_Custom	USADA
F-0228	yaml	Custom.TFM.HIDS.P4.Low.Basic_v2.yaml	01_ARTIFACTS\validated\Custom.TFM.HIDS.P4.Low.Basic_v2.yaml	2026-06-09T15:15:05.8211258Z	13173	1EBB29296A14475E38BCF34CA8DD9CC16572F4A8CA00A1AB0C3608E0B3097BC1	ARTIFACT_VALIDADO	07_Catalogo_Artifacts; 14_Arquitectura_Custom	USADA
F-0229	yaml	Custom.TFM.HIDS.Router.JSONL.Discord.SOC_v3.yaml	01_ARTIFACTS\validated\Custom.TFM.HIDS.Router.JSONL.Discord.SOC_v3.yaml	2026-06-17T18:31:03.5389364Z	154540	574E3E8BC03E7C4D655400D5BB5527771E438CA67C413853A0AAAC7A10C5E33F	ARTIFACT_VALIDADO	07_Catalogo_Artifacts; 14_Arquitectura_Custom	USADA
F-0230	txt	SHA256SUMS_P1_P2_RECALIBRATION.txt	01_ARTIFACTS\validated\SHA256SUMS_P1_P2_RECALIBRATION.txt	2026-06-18T10:52:35.7860124Z	837	587EC41046313A17B614A5C5C134DA307886842D07856E6D377E5282593C8A64	ARTIFACT_VALIDADO	07_Catalogo_Artifacts; 14_Arquitectura_Custom	USADA
F-0231	csv	alertas_vr.csv	04_EVIDENCE\Excel_visibilidad_26062026\normalized\alertas_vr.csv	2026-06-26T09:07:17.0972897Z	210608	ADDC03FA457A9608FA91FC1C134A39863B92AA709B6839411C5BB3530773ED8E	EVIDENCIA_NORMALIZADA	09_Resultados_Custom; VISIBILIDAD_SISTEMA; GRAFICAS	USADA
F-0232	csv	visibilidad_sistema.csv	04_EVIDENCE\Excel_visibilidad_26062026\normalized\visibilidad_sistema.csv	2026-06-26T09:07:17.0938196Z	412	550844F99A112A1E2A0E2455DAF00D952503037A0F91AAB98E612BF755E9DF84	EVIDENCIA_NORMALIZADA	09_Resultados_Custom; VISIBILIDAD_SISTEMA; GRAFICAS	USADA
F-0233	csv	tecnicas_real_vr.csv	04_EVIDENCE\Excel_visibilidad_26062026\normalized\tecnicas_real_vr.csv	2026-06-26T09:07:17.0938196Z	5611	8EFF71E0E3C3260E5722EAB3FCA6453A65880BAA924EADF371792C3B287C38A8	EVIDENCIA_NORMALIZADA	09_Resultados_Custom; VISIBILIDAD_SISTEMA; GRAFICAS	USADA
F-0234	csv	fp_runner.csv	04_EVIDENCE\Excel_visibilidad_26062026\normalized\fp_runner.csv	2026-06-26T09:07:17.0972897Z	2775	0DF4526B7EA7ECF15A793FE55A1BD3FB5EE6E09290701A504D2A4EF50F38D531	EVIDENCIA_NORMALIZADA	09_Resultados_Custom; VISIBILIDAD_SISTEMA; GRAFICAS	USADA
F-0235	csv	fp_hits.csv	04_EVIDENCE\Excel_visibilidad_26062026\normalized\fp_hits.csv	2026-06-26T09:07:17.0982669Z	257	466753B2039230A35A5C472374E2D0AAF2C140FB3B5C6BC6FE4CA4E62528C335	EVIDENCIA_NORMALIZADA	09_Resultados_Custom; VISIBILIDAD_SISTEMA; GRAFICAS	USADA
F-0236	json	dataset_summary.json	04_EVIDENCE\Excel_visibilidad_26062026\normalized\dataset_summary.json	2026-06-26T09:07:17.1051450Z	6743	E62FDE388CE68EED87AB1D843B7B90B028B1E0D875F65F568E8E01278AA446F0	EVIDENCIA_NORMALIZADA	09_Resultados_Custom; VISIBILIDAD_SISTEMA; GRAFICAS	USADA
F-0237	xlsx	TFM_VISIBILIDAD_DETECCION_FP_WAZUH_FINAL_26062026.xlsx	04_EVIDENCE\Excel_visibilidad_26062026\TFM_VISIBILIDAD_DETECCION_FP_WAZUH_FINAL_26062026.xlsx	2026-06-26T09:40:12.6081117Z	282039	F9CD06E7E986102028C7FE28523BEAD774ED8E724FD7464382CF2C91A45293C1	CONTRASTE_HISTORICO	Auditoría comparativa; no trasladado	SUPERADO / SOLO CONTRASTE
F-0238	xlsx	Analisis_Tecnicas_TFM_V.5.xlsx	04_EVIDENCE\Excel_visibilidad_26062026\Analisis_Tecnicas_TFM_V.5.xlsx	2026-06-26T09:40:12.6081117Z	282039	F9CD06E7E986102028C7FE28523BEAD774ED8E724FD7464382CF2C91A45293C1	CONTRASTE_HISTORICO	Auditoría comparativa; no trasladado	SUPERADO / SOLO CONTRASTE
